data,Battery,Camera,Performance,Display,Design,Software,Packaging,Price,Audio,Warranty,Shop_Service,Shipping,General,Others
Ä‘Ã³ng gÃ³i khÃ´ng cháº¯c cháº¯n mÃ¡y va Ä‘áº­p há»ng loa camera mÃ u sáº¯c lá»‡ch láº¡c shipping phÃ­ cao nhÆ°ng cháº­m,,,,,,,,,,,,,,
"mÃ u sáº¯c: mÃ u ngáº«u nhiÃªn sáº£n pháº©m: cÃ¡p sáº¡c quÃ¡ ngon,mÃ¡y khÃ´ng quÃ¡ máº¯c tiá»n nhÆ°ng cháº¥t lÆ°á»£ng nháº­n Ä‘Æ°á»£c thÃ¬ qua tuyá»‡t, ngoáº¡i hÃ¬nh cÅ©ng Ä‘áº¹p, giao hÃ ng láº¡i nhiá»‡t tÃ¬nh nÃªn mÃ¬nh ráº¥t hÃ i lÃ²ng",,,,,,,,,,,,,,
"tá»‘t tÃ´i Ä‘Ã£ nháº­n Ä‘Æ°á»£c hang ,giao hÃ ng nhanh Ä‘Ãºng háº¹n mÃ¡y Ä‘áº¹p nhÆ°ng quay video vÃ  chá»¥p áº£nh má» nhoÃ¨",,,,,,,,,,,,,,
"má»›i sá»­ dá»¥ng tháº¥y cÅ©ng á»•n, cÃ²n Ä‘á»™ bá»n thÃ¬ chÆ°a biáº¿t. giÃ¡ há»£p vÃ­",,,,,,,,,,,,,,
cháº¥t lÆ°á»£ng sáº£n pháº©m: nÄƒng hiá»‡u cháº­m nÃ³ng. Ä‘Ãºng vá»›i mÃ´ táº£: khá»›p khÃ´ng tá»‘c Ä‘á»™. tÃ­nh nÄƒng ná»•i báº­t: camera Ä‘Ãªm nhiá»…u. review: giáº­t sá»­ dá»¥ng lag lÃ¢u. Ä‘Ãªm tá»‡ chá»¥p. ship trá»… rÃ¡ch há»™p,,,,,,,,,,,,,,
"cháº¥t lÆ°á»£ng sáº£n pháº©m: khÃ´ng xá»©ng Ä‘Ã¡ng Ä‘Ãºng vá»›i mÃ´ táº£: phÃ³ng Ä‘áº¡i tÃ­nh nÄƒng ná»•i báº­t: táº§m thÆ°á»ng mua mÃ¡y 5tr nhÆ°ng hiá»‡u nÄƒng kÃ©m, khÃ´ng xá»©ng giÃ¡, há»‘i háº­n",,,,,,,,,,,,,,
mÃ u sáº¯c: Ä‘en phÃ¢n loáº¡i: khÃ´ng há»™p má»›i + sáº¡c 18w tÃ­nh nÄƒng:khÃ´ng mÆ°á»£n nhÆ° tá»‘t cháº¥t lÆ°á»£ng:khÃ¡ tá»‘t cháº¥t liá»‡u:. cá»­a hÃ ng uy tÃ­n má»i ngÆ°á»i nÃªn á»§ng há»™p nhui,,,,,,,,,,,,,,
"cháº¥t lÆ°á»£ng sáº£n pháº©m: hiá»‡u nÄƒng cháº­m khi má»Ÿ camera. Ä‘Ãºng vá»›i mÃ´ táº£: khÃ¡c quáº£ng cÃ¡o mÆ°á»£t. tÃ­nh nÄƒng ná»•i báº­t: cam láº¥y nÃ©t cháº­m. review: má»Ÿ cam delay, áº£nh dá»… out nÃ©t, pin nhanh xuá»‘ng, chÄƒm sÃ³c khÃ¡ch hÃ ng khÃ³ liÃªn há»‡",,,,,,,,,,,,,,
"nhÃ³m mÃ u: xanh hai khe cáº¯m sim cho tiá»‡n lá»£i, mÃ n hÃ¬nh sáº¯c nÃ©t vá»›i Ä‘á»™ phÃ¢n giáº£i full hd+, cháº¥t lÆ°á»£ng camera tuyá»‡t vá»i Ä‘á»ƒ ghi láº¡i nhá»¯ng khoáº£nh kháº¯c,",,,,,,,,,,,,,,
nhÃ³m mÃ u: mÃ u xanh Ä‘áº­m kháº£ nÄƒng lÆ°u trá»¯: 128gb Ä‘iá»‡n thoáº¡i tá»‘t. hÃ ng sÃ¡ch tay cty at&t 1 sim 5g. hÃ¬nh thá»©c ráº¥t má»›i. test game pubg max setting chÆ¡i ráº¥t Ä‘Ã£. khÃ´ng bá»‹ nÃ³ng mÃ¡y láº¯m. nÃªn mua. nhá»› chÃº Ã½ sáº£n pháº©m chá»‰ cÃ³ 1 sim nha. há»™p Ä‘áº§y Ä‘á»§ sáº¡c nhanh samsung vÃ  dÃ¢y cÃ¡p.,,,,,,,,,,,,,,
cháº¥t lÆ°á»£ng sáº£n pháº©m: bÃ¬nh thÆ°á»ng. Ä‘Ãºng vá»›i mÃ´ táº£: bÃ¬nh thÆ°á»ng. tÃ­nh nÄƒng ná»•i báº­t: váº­n chuyá»ƒn rÃ¹a bÃ². review: phÃ­ ship thÃ¬ Ä‘áº¯t mÃ  giao hÃ ng thÃ¬ quÃ¡ cháº­m. Ä‘áº·t cÃ¹ng lÃºc 3 cá»­a hÃ ng thÃ¬ cá»­a hÃ ng nÃ y giao cuá»‘i cÃ¹ng.,,,,,,,,,,,,,,
giÃ¡ nÃ y Ä‘á»‘ tÃ¬m Ä‘Æ°á»£c con nÃ o mÃ n Ä‘áº¹p nhÆ° nÃ y cá»­a hÃ ng uy tÃ­n khÃ´ng cÃ³ gÃ¬ Ä‘á»ƒ chÃª,,,,,,,,,,,,,,
"nhÃ³m mÃ u: Ä‘en mÃ n hÃ¬nh sá»‘ng Ä‘á»™ng vá»›i Ä‘á»™ phÃ¢n giáº£i full hd+, dung lÆ°á»£ng lÆ°u trá»¯ rá»™ng rÃ£i 128gb, báº£o hÃ nh 12 thÃ¡ng Ä‘Ã¡ng tin cáº­y,",,,,,,,,,,,,,,
tÃ­nh nÄƒng ná»•i báº­t: hÃ ng chÃ­nh hÃ£ng viá»‡t nam! cháº¥t lÆ°á»£ng sáº£n pháº©m: hÃ ng má»›i khÃ´ng pháº£i bÃ n,,,,,,,,,,,,,,
"mÃ n hÃ¬nh cáº£m á»©ng mÆ°á»£t mÃ , pháº£n há»“i nhanh., san pham nhÆ° mo ta ráº¥t hÃ i lÃ²ng long cho 5sao nhe",,,,,,,,,,,,,,
Ä‘iá»‡n thoáº¡i nhanh háº¿t pin.,,,,,,,,,,,,,,
"lÃºc má»›i Ä‘áº·t hÃ ng cÅ©ng hÆ¡i lo láº¯ng vÃ¬ khÃ´ng biáº¿t mua Ä‘iá»‡n thoáº¡i qua máº¡ng sáº½ tháº¿ nÃ o nhÆ°ng tháº­t may khi nháº­n hÃ ng Ä‘Æ°á»£c cÃ¡i mÃ¡y Ä‘áº¹p, chá»©c nÄƒng mÃ¡y Ä‘áº§y Ä‘á»§ sá»­ dá»¥ng bá»¯a giá» cÅ©ng hÆ¡n 1 tuáº§n rá»“i váº«n á»•n nÃªn Ä‘Ã¡nh giÃ¡ tá»‘t cho cá»­a hÃ ng",,,,,,,,,,,,,,
nhÃ³m mÃ u: xanh Ä‘Ã£ nháº­n hÃ ng . cá»­a hÃ ng giao hÃ ng nhanh. sáº£n pháº©m chÃ­nh hÃ£ng. hÃ i lÃ²ng,,,,,,,,,,,,,,
"nÃºt báº¥m há»ng giÃ¡ khÃ´ng nhÆ° web wifi yáº¿u,",,,,,,,,,,,,,,
"nhÃ³m mÃ u: xanh tráº£i nghiá»‡m ngÆ°á»i sá»­ dá»¥ng mÆ°á»£t mÃ  vÃ  liá»n máº¡ch, tuá»•i thá» pin lÃ¢u dÃ i, thiáº¿t káº¿ mÆ°á»£t mÃ  vÃ  phong cÃ¡ch, dung lÆ°á»£ng lÆ°u trá»¯ rá»™ng rÃ£i 128gb, dung lÆ°á»£ng lÆ°u trá»¯ rá»™ng rÃ£i 128gb, báº£o hÃ nh 12 thÃ¡ng Ä‘Ã¡ng tin cáº­y,",,,,,,,,,,,,,,
Ä‘Ãºng vá»›i mÃ´ táº£: Ä‘Ãºng cháº¥t lÆ°á»£ng sáº£n pháº©m: tá»‘t tÃ­nh nÄƒng ná»•i báº­t: trÃ¢u hÃ ng Ä‘Ãºng mÃ´ táº£ pin trÃ¢u sá»­ dá»¥ng khÃ´ng biáº¿t bá»n khÃ´ng,,,,,,,,,,,,,,
mÃ u sáº¯c: Ä‘en máº¥y ngÆ°á»i biáº¿t gÃ¬ .khen khen nghe to rÃµ.mÃ¡y nÃ y Ä‘Ã¢u pháº£i dÃ nh cho Ä‘iáº¿t.cho ngÆ°á»i giÃ  cá»§ng khÃ´ng Ä‘Æ°á»£c vÃ¬ chá»¯ tong mÃ¡y nhá».loa hÆ¡i Ä‘Æ°á»£c'rung thÃ¬ yáº¿u.mÃ  máº¥y ngÆ°Æ¡i khen to rÃµ.dá»‘t tráº£,,,,,,,,,,,,,,
cháº¥t lÆ°á»£ng sáº£n pháº©m: tuyá»‡t vá»i tÃ­nh nÄƒng ná»•i báº­t: á»•n Ä‘Ãºng vá»›i mÃ´ táº£: Ä‘Ãºng vá»›i mÃ´ táº£ láº§n Ä‘áº§u mua trÃªn máº¡ng cÅ©ng run run nhÆ°ng khi nháº­n Ä‘Æ°á»£c Ä‘Ãºng lÃ  Æ°ng hÃªzt Ã½,,,,,,,,,,,,,,
"cháº¥t lÆ°á»£ng sáº£n pháº©m: cáº£m biáº¿n vÃ¢n tay nháº­n cháº­m. Ä‘Ãºng vá»›i mÃ´ táº£: tá»‘c Ä‘á»™ unlock quáº£ng cÃ¡o khÃ´ng chÃ­nh xÃ¡c. tÃ­nh nÄƒng ná»•i báº­t: cam láº¥y nÃ©t tá»± Ä‘á»™ng tháº¥t thÆ°á»ng. review: vÃ¢n tay lÃ¢u nháº­n, af hay láº¡c hÆ°á»›ng, pin tá»¥t, há»™p mÃ³p, chÄƒm sÃ³c khÃ¡ch hÃ ng khÃ´ng há»— trá»£ ká»‹p",,,,,,,,,,,,,,
"nhÃ³m mÃ u: Ä‘en tráº£i nghiá»‡m ngÆ°á»i sá»­ dá»¥ng mÆ°á»£t mÃ  vÃ  liá»n máº¡ch, thiáº¿t káº¿ mÆ°á»£t mÃ  vÃ  phong cÃ¡ch, tuá»•i thá» pin lÃ¢u dÃ i,",,,,,,,,,,,,,,
"nhÃ³m mÃ u: pink dung lÆ°á»£ng lÆ°u trá»¯: 128gb tÃ­nh nÄƒng sÃ¡ng táº¡o, cháº¥t lÆ°á»£ng mÃ¡y áº£nh áº¥n tÆ°á»£ng, mÃ n hÃ¬nh sá»‘ng Ä‘á»™ng,",,,,,,,,,,,,,,
"cháº¥t lÆ°á»£ng sáº£n pháº©m: khÃ´ng Ä‘Ãºng vá»›i mÃ´ táº£ , mÃ u sáº¯c khÃ´ng Ä‘Ãºng sáº£n pháº©m: sáº£n pháº©m khÃ´ng nhÆ° mÃ´ táº£",,,,,,,,,,,,,,
"cháº¥t lÆ°á»£ng sáº£n pháº©m: há»™p bá»‹ rÃ¡ch, thiáº¿u manual vÃ  phá»¥ kiá»‡n. Ä‘Ãºng vá»›i mÃ´ táº£: Ä‘Ã³ng gÃ³i trÃªn web khÃ¡c thá»±c táº¿. tÃ­nh nÄƒng ná»•i báº­t: phá»¥ kiá»‡n khÃ´ng Ä‘áº§y Ä‘á»§. review: thiáº¿u que láº¥y sim vÃ  dÃ¢y, há»™p mÃ³p, ship khÃ´ng cÃ³ thÃ´ng bÃ¡o, chÄƒm sÃ³c khÃ¡ch hÃ ng xá»­ lÃ½ cháº­m",,,,,,,,,,,,,,
tÃ´i Ä‘áº·t Ä‘iá»‡n thoáº¡i mÃ u xanh nháº¡t cá»­a hÃ ng láº¡i gá»­i cho tÃ´i mÃ u tráº¯ng mÃ¡y bá»‹ bung mÃ n hÃ¬nh,,,,,,,,,,,,,,
"sáº£n pháº©m: sáº£n pháº©m giáº£ máº¡o, sáº£n pháº©m khÃ´ng nhÆ° mÃ´ táº£ sáº£n pháº©m khÃ´ng Ä‘Ãºng nhÆ° tÃ´i oder",,,,,,,,,,,,,,
"cháº¥t lÆ°á»£ng sáº£n pháº©m: kÃ©m an toÃ n. Ä‘Ãºng vá»›i mÃ´ táº£: táº¡m Ä‘Æ°á»£c. tÃ­nh nÄƒng ná»•i báº­t: nÃ³ng khi sáº¡c. review: vá»«a sáº¡c vá»«a sá»­ dá»¥ng mÃ¡y nÃ³ng bá»ng tay, cáº£m giÃ¡c khÃ´ng an toÃ n chÄƒm sÃ³c khÃ¡ch hÃ ng vÃ´ trÃ¡ch nhiá»‡m, thÃ¡i Ä‘á»™ khÃ³ chá»‹u",,,,,,,,,,,,,,
"nhÃ³m mÃ u: Ä‘en tuá»•i thá» pin lÃ¢u dÃ i, cháº¥t lÆ°á»£ng mÃ¡y áº£nh tuyá»‡t vá»i Ä‘á»ƒ chá»¥p láº¡i khoáº£nh kháº¯c, bá»™ xá»­ lÃ½ helio g85 máº¡nh máº½, báº£o hÃ nh 12 thÃ¡ng Ä‘Ã¡ng tin cáº­y, bá»™ xá»­ lÃ½ helio g85 máº¡nh máº½, báº£o hÃ nh 12 thÃ¡ng Ä‘Ã¡ng tin cáº­y,",,,,,,,,,,,,,,
"vá»› váº©n gian láº­n nÃ³ng ran, wifi cháº­p",,,,,,,,,,,,,,
"tÃ­nh nÄƒng ná»•i báº­t: ai,120hz,loa vÃ²m,game space Ä‘Ãºng vá»›i mÃ´ táº£: yes cháº¥t lÆ°á»£ng sáº£n pháº©m: tuyá»‡t vá»i mua sá»­ dá»¥ng bá»­a giá» xem á»•n khÃ´ng nay má»›i Ä‘Äƒng cho má»i ngÆ°á»i xem nÃ¨",,,,,,,,,,,,,,
"nhÃ³m mÃ u: Ä‘en tuá»•i thá» pin lÃ¢u dÃ i, thiáº¿t káº¿ mÆ°á»£t mÃ  vÃ  phong cÃ¡ch, tráº£i nghiá»‡m ngÆ°á»i sá»­ dá»¥ng mÆ°á»£t mÃ  vÃ  liá»n máº¡ch, dung lÆ°á»£ng lÆ°u trá»¯ rá»™ng rÃ£i 128gb, khe cáº¯m sim kÃ©p tiá»‡n lá»£i,",,,,,,,,,,,,,,
"cháº¥t lÆ°á»£ng sáº£n pháº©m: cá»­a hÃ ng xÃ³a bÃ¬nh luáº­n tiÃªu cá»±c trÃªn trang bÃ¡n hÃ ng. Ä‘Ãºng vá»›i mÃ´ táº£: khÃ´ng. tÃ­nh nÄƒng ná»•i báº­t: khÃ´ng. review: mÃ¬nh Ä‘á»ƒ láº¡i Ä‘Ã¡nh giÃ¡ 1 sao nÃªu rÃµ cÃ¡c Ä‘iá»ƒm yáº¿u cá»§a mÃ¡y, vÃ i hÃ´m sau vÃ o láº¡i thÃ¬ tháº¥y cá»­a hÃ ng Ä‘Ã£ xÃ³a máº¥t bÃ¬nh luáº­n cá»§a mÃ¬nh",,,,,,,,,,,,,,
ship hÃ ng cháº­m so vá»›i giÃ¡ trá»‹ tÃ i sáº£n cao,,,,,,,,,,,,,,
"cháº¥t lÆ°á»£ng sáº£n pháº©m: ráº¥t tá»‘t mÃ¡y Ä‘áº¹p giÃ¡ tá»‘t so vá»›i cháº¥t lÆ°á»£ng nvien nhiá»‡t tÃ¬nh, ráº¥t Ä‘Ã¡ng",,,,,,,,,,,,,,
"nhÃ³m mÃ u: xanh dung lÆ°á»£ng lÆ°u trá»¯ rá»™ng rÃ£i 128gb, hai khe cáº¯m sim cho tiá»‡n lá»£i, bá»™ vi xá»­ lÃ½ helio g85 máº¡nh máº½, mÃ n hÃ¬nh sáº¯c nÃ©t vá»›i Ä‘á»™ phÃ¢n giáº£i full hd+,",,,,,,,,,,,,,,
"nhÃ³m mÃ u: xanh ngá»c dung lÆ°á»£ng: 4gb/64gb nhiá»u tÃ¹y chá»n mÃ u sáº¯c phong cÃ¡ch, camera chÃ­nh 50mp,",,,,,,,,,,,,,,
"nhÃ³m mÃ u: xanh cháº¥t lÆ°á»£ng camera tuyá»‡t vá»i Ä‘á»ƒ ghi láº¡i nhá»¯ng khoáº£nh kháº¯c, thá»i lÆ°á»£ng pin lÃ¢u dÃ i,",,,,,,,,,,,,,,
"nÃºt káº¹t ghi 'mÆ°á»£t' nhÆ°ng khÃ´ng cáº£m á»©ng lag, thao tÃ¡c cháº­m,",,,,,,,,,,,,,,
shipping cháº­m trá»… khÃ´ng bÃ¹ camera portrait thiáº¿u nÃ©t pin sáº¡c lá»—i,,,,,,,,,,,,,,
tá»•ng quan sáº£n pháº©m Ä‘áº¹p giÃ¡ tiá»n há»£p lÃ½ khi mua Ä‘Ãºng dá»‹p giáº£m giÃ¡. nhÆ°ng chá»‰ Ä‘Ã¡nh giÃ¡ 4 sao vÃ¬ cÃ²n pháº£i test nhiá»u.,,,,,,,,,,,,,,
"mÃ u sáº¯c: xanh biá»ƒn váº­t liá»‡u bá»n vÃ  cháº¯c cháº¯n, káº¿t ná»‘i máº¡ng 4g nhanh chÃ³ng, thiáº¿t káº¿ nhá» gá»n vÃ  di Ä‘á»™ng, giao diá»‡n dá»… sá»­ dá»¥ng, phÃ­ch cáº¯m type c tiá»‡n lá»£i,",,,,,,,,,,,,,,
"nhÃ³m mÃ u: xanh dÆ°Æ¡ng dung lÆ°á»£ng lÆ°u trá»¯: 6gb+128gb mÃ¡y áº£nh cháº¥t lÆ°á»£ng cao cho nhá»¯ng bá»©c áº£nh tuyá»‡t Ä‘áº¹p, thiáº¿t káº¿ mÆ°á»£t mÃ  vÃ  phong cÃ¡ch, thiáº¿t káº¿ mÆ°á»£t mÃ  vÃ  phong cÃ¡ch, tÃ¹y chá»n mÃ u sáº¯c rá»±c rá»¡,",,,,,,,,,,,,,,
"pin pháº£i sáº¡c 2-3 láº§n/ngÃ y, ráº¥t báº¥t tiá»‡n. Ä‘Ã³ng hÃ ng ko cÃ³ seal, nghi ngá» bá»‹ bÃ³c ra rá»“i. cskh chá»‰ tráº£ lá»i theo ká»‹ch báº£n, ko giáº£i quyáº¿t táº­n gá»‘c.",,,,,,,,,,,,,,
"giao hÃ ng nhanh, mua táº·ng phá»¥ huynh hoáº·c cÃ y game nháº¹ háº¿t nÆ°á»›c cháº¥m.",,,,,,,,,,,,,,
nhÃ³m mÃ u: ultramarine dung lÆ°á»£ng lÆ°u trá»¯: 128gb hÃ ng chÃ­nh háº£ng giao nhanh. nhÃ¢n viÃªn giao hÃ ng cÃ³ bÆ°á»›c xÃ¡c nháº­n ngÆ°á»i nháº­n trÆ°á»›c khi giao hÃ ng. ráº¥t hÃ i lÃ²ng,,,,,,,,,,,,,,
"Ä‘Ãºng vá»›i mÃ´ táº£: tá»‘t tÃ­nh nÄƒng ná»•i báº­t: chÆ¡i game á»•n cháº¥t lÆ°á»£ng sáº£n pháº©m: trÆ°á»›c máº¯t thÃ¬ tá»‘t má»›i mua test máº¥y ngÃ y tháº¥y á»•n trong táº§m giÃ¡, ms Ä‘áº§u tá»¥t pin nhanh nhÆ°ng vá» sau tháº¥y pin trÃ¢u háº³n. cÃ²n vá» Ä‘á»™ bá»n thÃ¬ sá»­ dá»¥ng thÃªm máº¥y ngÃ y má»›i biáº¿t Ä‘Æ°á»£c",,,,,,,,,,,,,,
nhÃ³m mÃ u: xanh mua online cÅ©ng há»“i há»™p láº¯m . mua cho máº¹ sá»­ dá»¥ng khÃ´ng cáº§n quÃ¡ nhiá»u chá»©c nÄƒng nhÆ°ng hiá»‡n táº¡i tháº¥y á»•n Ã¡p chÆ°a váº¥n Ä‘á» gÃ¬ .,,,,,,,,,,,,,,
nhÃ³m mÃ u: white dung lÆ°á»£ng lÆ°u trá»¯: 512gb tuá»µet,,,,,,,,,,,,,,
"cháº¥t lÆ°á»£ng sáº£n pháº©m: pin khÃ´ng tÆ°Æ¡ng thÃ­ch vá»›i sáº¡c dá»± phÃ²ng. Ä‘Ãºng vá»›i mÃ´ táº£: khÃ´ng. tÃ­nh nÄƒng ná»•i báº­t: khÃ´ng. review: cáº¯m Ä‘iá»‡n thoáº¡i vÃ o cá»¥c sáº¡c dá»± phÃ²ng cá»§a mÃ¬nh thÃ¬ khÃ´ng nháº­n, thá»­ máº¥y cá»¥c khÃ¡c cÅ©ng váº­y, ráº¥t báº¥t tiá»‡n khi Ä‘i ra ngoÃ i",,,,,,,,,,,,,,
variation3: má»¹ 2 sim 128gb 98% sáº£n pháº©m nhÃ¬n chung lÃ  Ä‘áº¹p tá»‘t so vá»›i giÃ¡ thÃ nh... cáº£m Æ¡n cá»­a hÃ ng nhiá»u,,,,,,,,,,,,,,
"nhÃ³m mÃ u: Ä‘en hiá»‡u suáº¥t nhanh chÃ³ng vÃ  hiá»‡u quáº£, tuá»•i thá» pin lÃ¢u dÃ i, mÃ n hÃ¬nh sá»‘ng Ä‘á»™ng vá»›i Ä‘á»™ phÃ¢n giáº£i full hd+, khe cáº¯m sim kÃ©p tiá»‡n lá»£i,",,,,,,,,,,,,,,
"nhÃ³m mÃ u: xanh tráº£i nghiá»‡m ngÆ°á»i sá»­ dá»¥ng mÆ°á»£t mÃ  vÃ  liá»n máº¡ch, mÃ n hÃ¬nh sá»‘ng Ä‘á»™ng vá»›i Ä‘á»™ phÃ¢n giáº£i full hd+, mÃ n hÃ¬nh sá»‘ng Ä‘á»™ng vá»›i Ä‘á»™ phÃ¢n giáº£i full hd+, thiáº¿t káº¿ mÆ°á»£t mÃ  vÃ  phong cÃ¡ch, mÃ n hÃ¬nh sá»‘ng Ä‘á»™ng vá»›i Ä‘á»™ phÃ¢n giáº£i full hd+,",,,,,,,,,,,,,,
"cháº¥t lÆ°á»£ng sáº£n pháº©m: chÄƒm sÃ³c khÃ¡ch hÃ ng khÃ´ng tin lá»i khÃ¡ch, Ä‘Ã²i há»i báº±ng chá»©ng vÃ´ lÃ½. Ä‘Ãºng vá»›i mÃ´ táº£: khÃ´ng. tÃ­nh nÄƒng ná»•i báº­t: khÃ´ng. review: mÃ¡y thá»‰nh thoáº£ng bá»‹ treo, mÃ¬nh bÃ¡o lá»—i thÃ¬ chÄƒm sÃ³c khÃ¡ch hÃ ng Ä‘Ã²i mÃ¬nh pháº£i quay video Ä‘Ãºng lÃºc mÃ¡y bá»‹ treo má»›i chá»‹u giáº£i quyáº¿t, quÃ¡ lÃ m khÃ³",,,,,,,,,,,,,,
"quay video hay bá»‹ giáº­t, chá»‘ng rung kÃ©m. khÃ¡c vá»›i mÃ´ táº£ quay mÆ°á»£t. tÃ­nh nÄƒng 4k cÃ³ giá»›i háº¡n tháº­t. mÃ¡y nhanh nÃ³ng khi quay dÃ i, Ä‘Ã³ng gÃ³i khÃ´ng an toÃ n",,,,,,,,,,,,,,
mÃ¬nh nháº­n Ä‘Æ°á»£c hÃ ng rá»“i nhÃ¬n chung tá»‘t mÃ¡y sá»­ dá»¥ng má»›i thÃ¬ chÆ°a quen vÃ i hÃ´m lÃ  tá»‘t,,,,,,,,,,,,,,
cháº¥t lÆ°á»£ng sáº£n pháº©m: cáº£m biáº¿n tiá»‡m cáº­n hoáº¡t Ä‘á»™ng sai. Ä‘Ãºng vá»›i mÃ´ táº£: gá»i Ä‘iá»‡n mÃ n hÃ¬nh táº¯t hoÃ n toÃ n. tÃ­nh nÄƒng ná»•i báº­t: Ã¡p tai vÃ o mÃ  mÃ n hÃ¬nh khÃ´ng táº¯t. review: hay bá»‹ báº¥m nháº§m nÃºt káº¿t thÃºc cuá»™c gá»i. ship hÃ ng bá»‹ tháº¥t láº¡c pháº£i tá»± Ä‘i tÃ¬m. ráº¥t bá»±c mÃ¬nh,,,,,,,,,,,,,,
"nhÃ³m mÃ u: xanh báº£o hÃ nh 12 thÃ¡ng Ä‘Ã¡ng tin cáº­y, dung lÆ°á»£ng lÆ°u trá»¯ rá»™ng rÃ£i 128gb, tuá»•i thá» pin lÃ¢u dÃ i,",,,,,,,,,,,,,,
"nhÃ³m mÃ u: Ä‘en hiá»‡u suáº¥t nhanh chÃ³ng vÃ  hiá»‡u quáº£, cháº¥t lÆ°á»£ng mÃ¡y áº£nh tuyá»‡t vá»i Ä‘á»ƒ chá»¥p láº¡i khoáº£nh kháº¯c, mÃ n hÃ¬nh sá»‘ng Ä‘á»™ng vá»›i Ä‘á»™ phÃ¢n giáº£i full hd+,",,,,,,,,,,,,,,
"mua hÃ ng cá»§a cá»­a hÃ ng láº§n Ä‘áº§u mÃ  Æ°ng bá»¥ng dá»… sá»£, mÃ¬nh Ä‘Æ°á»£c ngÆ°á»i quen gt mua bÃªn cá»­a hÃ ng, mua Ä‘Æ°á»£c giÃ¡ ráº» mÃ  cháº¥t lÆ°á»£ng tuyá»‡t vá»i nhÆ° dáº«y thÃ¬ khÃ´ng cÃ²n gÃ¬ bÃ n cÃ£i gÃ¬, cáº£m Æ¡n cá»­a hÃ ng",,,,,,,,,,,,,,
"cháº¥t lÆ°á»£ng sáº£n pháº©m: loa bá»‹ rÃ¨ Ã¢m cao. Ä‘Ãºng vá»›i mÃ´ táº£: Ã¢m thanh kÃ©m. tÃ­nh nÄƒng ná»•i báº­t: vá» nhá»±a dá»… xÆ°á»›c. review: hÃ¡t karaoke bá»‹ chÃ³i, vá» bá»‹ tráº§y nháº¹, Ä‘Ã³ng gÃ³i thiáº¿u sÃ¡ch hÆ°á»›ng dáº«n",,,,,,,,,,,,,,
"mÃ u sáº¯c: Ä‘en phÃ¢n loáº¡i: fullbox má»›i +sáº¡c 18w má»›i khui hÃ ng cÃ²n nguyÃªn seal,sáº¡c thÃ¬ hoco 18w.Ä‘á»ƒ xá»­ dá»¥ng rá»“i Ä‘Ã¡nh giÃ¡",,,,,,,,,,,,,,
nhÃ³m mÃ u: mÃ u Ä‘en loáº¡i: 2sim tÃ­nh nÄƒng:gá»i Ä‘iá»‡n nháº¯n tin cháº¥t lÆ°á»£ng:tá»‘t,,,,,,,,,,,,,,
"hÃ ng giao Ä‘Ãºng thá»i gian, hÃ ng Ä‘Ãºng nhÆ° mÃ´ táº£. Ä‘Ã³ng gÃ³i hÃ ng cáº©n tháº­n, khÃ´ng bá»‹ má»‘p mÃ©o.",,,,,,,,,,,,,,
"cháº¥t lÆ°á»£ng sáº£n pháº©m: tá»‘t Ä‘Ãºng vá»›i mÃ´ táº£: sai bá»™ nhá»› ,ram mÃ¡y chá»§ 128gb/ ram 6g nhÆ°ng láº¡i up rom 256gb/ ram 8g, cÃ²n láº¡i má»i thá»© Ä‘á»u tá»‘t, mÃ¡y má»›i, sá»­ dá»¥ng mÆ°á»£t, giÃ¡ ráº»",,,,,,,,,,,,,,
mÃ u sáº¯c: Ä‘en phÃ¢n loáº¡i: nguyÃªn seal +sáº¡c 18w sáº£n pháº©m tá»‘t,,,,,,,,,,,,,,
"tÃ­nh nÄƒng ná»•i báº­t: ai Ä‘á»‰nh cháº¥t lÆ°á»£ng sáº£n pháº©m: hÃ ng Ä‘áº¹p Ä‘Ãºng vá»›i mÃ´ táº£: hÃ ng chÃ­nh hÃ£ng cá»­a hÃ ng tÆ° váº¥n nhiá»‡t tÃ¬nh, sáº£n pháº©m tá»‘t Ä‘Ãºng vá»›i mÃ´ táº£.",,,,,,,,,,,,,,
"cháº¥t lÆ°á»£ng sáº£n pháº©m: pin yáº¿u khi báº­t 5g/stream. Ä‘Ãºng vá»›i mÃ´ táº£: runtime quáº£ng cÃ¡o sai. tÃ­nh nÄƒng ná»•i báº­t: camera cÃ³ flare khi trá»i náº¯ng. review: stream 1h pin tá»¥t nhanh, áº£nh trá»i náº¯ng nhiá»u flare, mÃ¡y áº¥m, Ä‘Ã³ng gÃ³i sÆ¡ sÃ i, chÄƒm sÃ³c khÃ¡ch hÃ ng háº¹n mÃ£i",,,,,,,,,,,,,,
Ä‘Ã£ nháº­n Ä‘Æ°á»£c hÃ ng... giao hÃ ng nhanh chÃ³ng. - Ä‘Ã³ng hÃ ng kÄ© cÃ ng ...,,,,,,,,,,,,,,
"cá»­a hÃ ng chu Ä‘Ã¡o nhiá»‡t tÃ¬nh, tráº£ lá»i tn nhanh láº¹, Ä‘á»•i tráº£ sáº£n pháº©m cá»­a hÃ ng há»• trá»£ tá»‘t. cÃ¡ch phá»¥c vá»¥ táº­n tÃ¢m. hy vá»ng sÃ i tá»‘t sáº½ quay láº¡i á»§ng há»™.",,,,,,,,,,,,,,
"nhÃ³m mÃ u: Ä‘en báº£o hÃ nh 12 thÃ¡ng Ä‘Ã¡ng tin cáº­y, cháº¥t lÆ°á»£ng mÃ¡y áº£nh tuyá»‡t vá»i Ä‘á»ƒ chá»¥p láº¡i khoáº£nh kháº¯c, cháº¥t lÆ°á»£ng mÃ¡y áº£nh tuyá»‡t vá»i Ä‘á»ƒ chá»¥p láº¡i khoáº£nh kháº¯c, thiáº¿t káº¿ mÆ°á»£t mÃ  vÃ  phong cÃ¡ch, tuá»•i thá» pin lÃ¢u dÃ i,",,,,,,,,,,,,,,
"cháº¥t lÆ°á»£ng sáº£n pháº©m: tá»‘n pin. Ä‘Ãºng vá»›i mÃ´ táº£: pin kÃ©m. tÃ­nh nÄƒng ná»•i báº­t: hao pin kinh khá»§ng. review: má»Ÿ app cÆ¡ báº£n 15 phÃºt Ä‘Ã£ hao 8% pin, sá»­ dá»¥ng cá»±c kÃ¬ tá»‘n pin. Ä‘Ã³ng gÃ³i ráº¥t áº©u, chá»‰ bá»c nilon má»ng. sáº£n pháº©m bá»‹ tráº§y xÆ°á»›c",,,,,,,,,,,,,,
"tÃ­nh nÄƒng ná»•i báº­t: tá»‘t cháº¥t lÆ°á»£ng sáº£n pháº©m: tá»‘t Ä‘Ãºng vá»›i mÃ´ táº£: tá»‘t hÆ¡i hoÃ i nghi má»™t chÃºt khá»Ÿ Ä‘á»™ng mÃ¡y bÃ¬nh thÆ°á»ng, unbox bÃ¬nh thÆ°á»ng nhÆ°ng lÃºc táº£i app vá» thÃ¬ chá» mÃ£i khÃ´ng táº£i xuá»‘ng Ä‘Æ°á»£c, mua tá»« chiá»u táº§m tá»‘i má»›i táº£i xong cháº³ng hiá»ƒu ná»•i rá»§i ro quÃ¡. khuyÃªn má»i ngÆ°á»i nÃªn kiá»ƒm tra ká»¹ lÆ°á»¡ng",,,,,,,,,,,,,,
"cháº¥t lÆ°á»£ng sáº£n pháº©m: hiá»‡u nÄƒng Ä‘á»“ há»a kÃ©m, fps tá»¥t nhanh. Ä‘Ãºng vá»›i mÃ´ táº£: chÆ¡i game náº·ng khÃ´ng mÆ°á»£t. tÃ­nh nÄƒng ná»•i báº­t: khÃ´ng cÃ³ cháº¿ Ä‘á»™ tá»‘i Æ°u game tá»‘t. review: lag khi combat, mÃ¡y nÃ³ng, pin tá»¥t, Ä‘Ã³ng gÃ³i má»ng, ship cháº­m, chÄƒm sÃ³c khÃ¡ch hÃ ng khÃ´ng hoÃ n tiá»n",,,,,,,,,,,,,,
"tÃ­nh nÄƒng ná»•i báº­t: triger cáº£m á»©ng Ä‘Ãºng vá»›i mÃ´ táº£: Ä‘Ãºng ğŸ˜hÃ ng Ä‘Ã³ng gÃ³i ráº¥t Ä‘áº¹p. quáº£ nhiÃªn ngÆ°á»i bÃ¡n Ä‘Ã£ gá»­i gáº¯m ráº¥t nhiá»u tÃ¢m tÆ° vÃ  tÃ¬nh cáº£m trong lÃºc gÃ³i hÃ ng. há»™p khÃ´ng cÃ³ dáº¥u hiá»‡u bá»‹ mÃ³p, chá»©ng tá» bá»™ pháº­n váº­n chuyá»ƒn Ä‘Ã£ nÃ¢ng nhÆ° nÃ¢ng trá»©ng, há»©ng nhÆ° há»©ng hoa. xin nghiÃªng mÃ¬nh cáº£m Æ¡n vÃ¬ táº¥t cáº£.",,,,,,,,,,,,,,
"rá»Ÿm Ä‘á»i bá»‹p bá»£m lag kinh khá»§ng khi má»Ÿ app, sáº¡c cháº­m Ã¹ Ã¹ mÃ£i khÃ´ng Ä‘áº§y, shipping muá»™n mÃ ng máº¥t cáº£ tuáº§n má»›i tá»›i nÆ¡i",,,,,,,,,,,,,,
mÃ u sáº¯c: Ä‘en phÃ¢n loáº¡i: nguyÃªn seal +sáº¡c 18w má»›i láº¥y tháº¥y cÅ©ng khÃ¡ tá»‘t,,,,,,,,,,,,,,
cháº¥t lÆ°á»£ng sáº£n pháº©m: khÃ´ng tÆ°Æ¡ng thÃ­ch vá»›i app ngÃ¢n hÃ ng cá»§a tÃ´i. Ä‘Ãºng vá»›i mÃ´ táº£: tÆ°Æ¡ng thÃ­ch hoÃ n toÃ n vá»›i má»i á»©ng dá»¥ng. tÃ­nh nÄƒng ná»•i báº­t: lá»—i báº£o máº­t khÃ´ng sá»­ dá»¥ng Ä‘Æ°á»£c e-banking. review: khÃ´ng vÃ o Ä‘Æ°á»£c app ngÃ¢n hÃ ng bÃ¡o lá»—i. hiá»‡u nÄƒng táº¡m á»•n pin ráº¥t kÃ©m. chÄƒm sÃ³c khÃ¡ch hÃ ng hÆ°á»›ng dáº«n cÅ©ng khÃ´ng giáº£i quyáº¿t Ä‘Æ°á»£c,,,,,,,,,,,,,,
"Ä‘Ãºng vá»›i mÃ´ táº£: Ä‘Ãºng cháº¥t lÆ°á»£ng sáº£n pháº©m: tá»‘t tÃ­nh nÄƒng ná»•i báº­t: tá»‘t sáº£n pháº©m sá»­ dá»¥ng á»•n, mua cho Ã´ng bÃ  bá»‘ máº¹ sá»­ dá»¥ng ráº¥t tá»‘t, giÃ¡ cáº£ má»m",,,,,,,,,,,,,,
sáº£n pháº©m má»›i nguyÃªn siÃªu. chÆ°a khui hÃ ng new nháº­n cháº¯c tay ráº¥t lÃ  Æ°ng Ã½ sÄƒn Ä‘Æ°á»£c giÃ¡ ráº»,,,,,,,,,,,,,,
"Ä‘iá»‡n thoáº¡i sÃ i mÆ°á»£t ngon, sáº¡c 15w siÃªu nhanh, pháº£n há»“i nhanh khÃ´ng cháº­m trá»…, nÃ³i chung lÃ  ráº¥t tá»‘t ğŸ‘ğŸ‘,",,,,,,,,,,,,,,
"cháº¥t lÆ°á»£ng sáº£n pháº©m: camera quay video micro thu tiáº¿ng ráº¥t nhá». Ä‘Ãºng vá»›i mÃ´ táº£: khÃ´ng. tÃ­nh nÄƒng ná»•i báº­t: khÃ´ng. review: quay video mÃ  Ã¢m thanh thu vÃ o nhá» xÃ­u, rÃ¨ vÃ  láº«n nhiá»u táº¡p Ã¢m, gáº§n nhÆ° khÃ´ng nghe Ä‘Æ°á»£c gÃ¬, mic quÃ¡ tá»‡",,,,,,,,,,,,,,
"chá»‰ máº¥t má»™t ngÃ y Ä‘á»ƒ Ä‘áº¿n chá»— tÃ´i. ráº¥t Ä‘áº¹p, sáº¡ch sáº½ vÃ  má»›i. hÃ ng Ä‘Æ°á»£c bá»c Ä‘áº¹p vÃ  khÃ´ng cÃ³ váº¿t sáº¹o, v.v. cháº¯c cháº¯n giÃ¡ trá»‹ tiá»n cá»§a tÃ´i. hÃ£y thoáº£i mÃ¡i mua hÃ ng tá»« ngÆ°á»i bÃ¡n. cáº£m Æ¡n ngÆ°á»i bÃ¡n ráº¥t nhiá»uâœ¨ğŸ‘ğŸ»",,,,,,,,,,,,,,
cháº¥t lÆ°á»£ng sáº£n pháº©m: good Ä‘Ãºng vá»›i mÃ´ táº£: good tÃ­nh nÄƒng ná»•i báº­t: tá»‘t khÃ´ng ngá» nÃ³ má»›i khÃ´ng má»™t váº¿t tráº§u luÃ´n Ã¡. ráº¥t ráº½ . Ä‘Ã¡ng Ä‘á»ƒ mua,,,,,,,,,,,,,,
"cháº¥t lÆ°á»£ng sáº£n pháº©m: tá»‡ tuy cÃ³ nÃºt tricger Ä‘á»ƒ chuyÃªn game nhÆ°ng pháº£i nÃ³i tháº­t lÃ  Ä‘iá»‡n thoáº¡i nÃ y chÆ¡i game ráº¥t tá»‡.báº¯t sÃ³ng wife yáº¿u,load game sau má»—i tráº­n thÆ°á»ng Ä‘Æ¡ mÃ n hÃ¬nh.theo suy luáº­n cá»§a mÃ¬nh lÃ  Ä‘iá»‡n thoáº¡i Ä‘Ã£ qua xá»­a chá»¯a hoáº·c xÃ o náº¥u.hiá»‡n tÆ°á»£ng Ä‘Æ¡ mÃ n hÃ¬nh nÃ y thÆ°á»ng lÃ  ro thay mÃ n rin báº±ng mÃ n lÃ´ giÃ¡ ráº».má»i ngÆ°á»i nÃªn cáº£nh giÃ¡c trÆ°á»›c khi mua Ä‘iá»‡n thoáº¡i cá»­a hÃ ng nÃ y",,,,,,,,,,,,,,
"mÃ u sáº¯c: báº¡c phÃ¢n loáº¡i: fullbox má»›i +sáº¡c 18w tÃ­nh nÄƒng:oke cháº¥t lÆ°á»£ng:oke cháº¥t liá»‡u:oke hÃ ng khÃ¡ tá»‘t, sá»­ dá»¥ng lÃ¢u thÃ¬ má»›i nháº­n xÃ©t chi tiáº¿t hÆ¡n Ä‘Æ°á»£c",,,,,,,,,,,,,,
"Æ°u Ä‘iá»ƒm lá»›n nháº¥t cá»§a Ä‘iá»‡n thoáº¡i nÃ y lÃ  giÃ¡ ráº» vÃ  mÃ n hÃ¬nh amoled Ä‘áº¹p hÆ¡n háº³n loáº¡i ips. cÃ¡c chá»©c nÄƒng, cáº¥u hÃ¬nh cÃ²n láº¡i Ä‘á»u á»•n.",,,,,,,,,,,,,,
"nhÃ³m mÃ u: mÃ u xanh lÃ¡ cÃ¢y dung lÆ°á»£ng lÆ°u trá»¯: 128gb dung lÆ°á»£ng lÆ°u trá»¯ cao, cháº¥t lÆ°á»£ng camera áº¥n tÆ°á»£ng, mÃ n hÃ¬nh sáº¯c nÃ©t,",,,,,,,,,,,,,,
cháº¥t lÆ°á»£ng sáº£n pháº©m: mÃ¡y gáº§n nhÆ° 99% hÆ¡i cháº§y viá»n cam khÃ´ng váº¥n Ä‘á» tÃ­nh nÄƒng ná»•i báº­t: loa áº¥m hay Ä‘Ãºng vá»›i mÃ´ táº£: pin á»•n Ä‘á»§ sá»­ dá»¥ng 4g trong ngÃ y cÃ³ gÃ³p Ã½ cho cá»­a hÃ ng nÃªn cÃ i báº£n miui 12.0.x thay vÃ¬ 12.5.x vÃ¬ báº£n nÃ y dá»… lá»—i váº·t,,,,,,,,,,,,,,
sáº£n pháº©m Ä‘Ãºng máº«u mÃ£ nhÆ°ng mua vá» Ä‘Æ°á»£c Ä‘Ãºng 3 ngÃ y lÃ  há»ng khÃ´ng sá»­ dá»¥ng Ä‘Æ°á»£c anh em cÃ¢n nháº¯c trÆ°á»›c khi mua,,,,,,,,,,,,,,
"cháº¥t lÆ°á»£ng sáº£n pháº©m: hiá»‡u nÄƒng giáº£m rÃµ sau cáº­p nháº­t. Ä‘Ãºng vá»›i mÃ´ táº£: khÃ´ng Ä‘Ãºng cam káº¿t á»•n Ä‘á»‹nh. tÃ­nh nÄƒng ná»•i báº­t: cam Ä‘Ãªm dá»… out nÃ©t. review: cáº­p nháº­t xong giáº­t, áº£nh tá»‘i out focus, pin yáº¿u, há»™p khÃ´ng xá»‘p, ship muá»™n",,,,,,,,,,,,,,
mÃ u mÃ¡y: mÃ u Ä‘en sáº£n pháº©m: samsung a50s 4/64gb mÃ¡y tá»‘t láº¯m cá»­a hÃ ng nháº­n mÃ¡y vá» sÃ i 10ngÃ y nay Ä‘Ã¡nh giÃ¡ cho cá»­a hÃ ng nÃ¨ .mÃ¡y má»›i chuáº©n chÃ­nh hÃ£ng sá»­ dá»¥ng ráº¥t Ãªm .xem fim nghe nháº¡c chuáº©n .nÃ³i chung á»•n giÃ¡ cÅ©ng tá»‘t .cá»­a hÃ ng cÃ³ sáº¡c cÃ¡p á»‘p lÆ°ng tá»‘t nha sáº½ á»§ng há»™ cá»­a hÃ ng nÃ¨ .....táº·ng cá»­a hÃ ng 5*,,,,,,,,,,,,,,
lá»—i mÃ n hÃ¬nh sai mÃ u,,,,,,,,,,,,,,
"nhÃ³m mÃ u: vÃ ng mÃ n hÃ¬nh bá»‹ Ä‘á»‘m nhá», pin sá»­ dá»¥ng mau háº¿t. khÃ´ng Ä‘á»§ má»™t ngÃ y. nÃ³i chung chá»‰ táº¡m á»•n trong táº§m giÃ¡.",,,,,,,,,,,,,,
"mÃ¡y vá» rá»“i, khÃ´ng biáº¿t dubgf nhÆ° nÃ o, nÃ³i chung pháº£i dubgf lÃ¢u má»›i biáº¿t Ä‘Æ°á»£c",,,,,,,,,,,,,,
"cháº¥t lÆ°á»£ng sáº£n pháº©m: hiá»‡u nÄƒng background kÃ©m, reload app liÃªn tá»¥c. Ä‘Ãºng vá»›i mÃ´ táº£: ram thá»±c táº¿ tháº¥p hÆ¡n ghi. tÃ­nh nÄƒng ná»•i báº­t: multitasking tháº¥t vá»ng. review: swap app lÃ  pháº£i chá» load, pin tá»¥t nhanh, chÄƒm sÃ³c khÃ¡ch hÃ ng chá»‰ hÆ°á»›ng dáº«n reset",,,,,,,,,,,,,,
"cháº¥t lÆ°á»£ng sáº£n pháº©m: pháº§n má»m cÃ i sáºµn app rÃ¡c. Ä‘Ãºng vá»›i mÃ´ táº£: rom sáº¡ch nhÆ° quáº£ng cÃ¡o nhÆ°ng khÃ´ng. tÃ­nh nÄƒng ná»•i báº­t: app cháº¡y ná»n ngá»‘n pin. review: pop-up quáº£ng cÃ¡o nhiá»u, pháº£i gá»¡ thá»§ cÃ´ng, mÃ¡y lag nháº¹, chÄƒm sÃ³c khÃ¡ch hÃ ng chá»‰ gá»£i Ã½ reset",,,,,,,,,,,,,,
mÃ u sáº¯c: Ä‘en phÃ¢n loáº¡i: nguyÃªn seal +sáº¡c 18w tá»‘t má»›i tinh,,,,,,,,,,,,,,
now hanging giao hÃ ng nhanh cháº¥t lÆ°á»£ng giá»‘ng má»™t thá»i gian má»›i Ä‘Ã¡nh giÃ¡ Ä‘Æ°á»£c hi vá»ng tá»‘t khÃ´ng biáº¿t Ä‘Ã£ xuáº¥t hÃ³a Ä‘Æ¡n chÆ°a Ä‘á»ƒ cÃ²n Ä‘Äƒng kÃ½ báº£o hÃ nh xin cáº£m Æ¡n,,,,,,,,,,,,,,
"nhÃ³m mÃ u: Ä‘en dung lÆ°á»£ng lÆ°u trá»¯ rá»™ng rÃ£i 128gb, cháº¥t lÆ°á»£ng mÃ¡y áº£nh tuyá»‡t vá»i Ä‘á»ƒ chá»¥p láº¡i khoáº£nh kháº¯c, mÃ n hÃ¬nh sá»‘ng Ä‘á»™ng vá»›i Ä‘á»™ phÃ¢n giáº£i full hd+,",,,,,,,,,,,,,,
hiá»‡u nÄƒng giáº­t khi dÃ¹ng máº¡ng 5g shipping cháº­m chÄƒm sÃ³c khÃ¡ch hÃ ng khÃ´ng há»— trá»£,,,,,,,,,,,,,,
"táº¡m á»•n. xem youtube hay bá»‹ lá»—i cáº¥u hÃ¬nh, pin 6000 nhÆ°ng hao pin nhanh.",,,,,,,,,,,,,,
"color: Ä‘en-2xl bá»n vÃ  lÃ¢u dÃ i, thiáº¿t káº¿ phong cÃ¡ch vÃ  há»£p thá»i trang, vá»«a váº·n thoáº£i mÃ¡i vÃ  rá»™ng rÃ£i,",,,,,,,,,,,,,,
cháº¥t lÆ°á»£ng sáº£n pháº©m: tá»‘t Ä‘Ãºng vá»›i mÃ´ táº£: Ä‘Ãºng ngon,,,,,,,,,,,,,,
"tháº¥t vá»ng cháº¥t lÆ°á»£ng tá»“i linh kiá»‡n thay tháº¿ khÃ´ng chÃ­nh hÃ£ng,",,,,,,,,,,,,,,
"nhÃ³m mÃ u: Ä‘en khe cáº¯m sim kÃ©p tiá»‡n lá»£i, tráº£i nghiá»‡m ngÆ°á»i sá»­ dá»¥ng mÆ°á»£t mÃ  vÃ  liá»n máº¡ch, tráº£i nghiá»‡m ngÆ°á»i sá»­ dá»¥ng mÆ°á»£t mÃ  vÃ  liá»n máº¡ch, tuá»•i thá» pin lÃ¢u dÃ i,",,,,,,,,,,,,,,
"tÃ­nh nÄƒng ná»•i báº­t: chÆ¡i game cháº¥t lÆ°á»£ng sáº£n pháº©m: tá»‘t trong táº§m giÃ¡ Ä‘Ãºng vá»›i mÃ´ táº£: Ä‘Ãºng mÃ´ táº£ mua láº§n Ä‘áº§u chá» thá»i gian sá»­ dá»¥ng sáº½ Ä‘Ã¡nh giÃ¡ sau, giao hÆ¡i lÃ¢u nhÆ°ng Ä‘Ãºng thá»i gian háº¹n, hÃ ng chÃ­nh hÃ£ng, sÄƒn Ä‘Æ°á»£c giÃ¡ 3,5tr á»•n Ã¡p, chá»¥p hÃ¬nh hÆ¡i cháº­m",,,,,,,,,,,,,,
phÃ¢n loáº¡i sáº£n pháº©m: Ä‘en sáº£n pháº©m giá»‘ng nhÆ° mÃ´ táº£,,,,,,,,,,,,,,
"Ä‘iá»‡n thoáº¡i cÅ© tÃ¢n trang láº¡i, sá»­ dá»¥ng Ä‘Æ°á»£c 2 tuáº§n mÃ¡y Ä‘Æ¡, loáº¡n cáº£m á»©ng, ráº¥t tá»‡, Ä‘Ãºng cá»§a ná»£. dáº¹p ...",,,,,,,,,,,,,,
maÌy Ä‘eÌ£p,,,,,,,,,,,,,,
Ä‘Ãºng vá»›i mÃ´ táº£: mÃ u xanh Ä‘Ãºng vá»›i mÃ´ táº£ cháº¥t lÆ°á»£ng sáº£n pháº©m: tá»‘t tÃ­nh nÄƒng ná»•i báº­t: lÆ°á»›t máº¡ng Ä‘Æ°á»£c xem tiktok lag vÃ´ xg bá»‹ out ra nháº¯n tin á»•n lÆ°á»›t Facebook á»•n cam sáº¯c nÃ©t,,,,,,,,,,,,,,
"cá»­a hÃ ng uy tÃ­n, hÃ i lÃ²ng vá»›i sáº£n pháº©m. chÃºc cá»­a hÃ ng bÃ¡n Ä‘áº¯t hÃ ng nghen",,,,,,,,,,,,,,
tÃ­nh nÄƒng ná»•i báº­t: khÃ´ng biáº¿t cháº¥t lÆ°á»£ng sáº£n pháº©m: tá»‘t Ä‘Ãºng vá»›i mÃ´ táº£: Ä‘Ãºng giao hÃ ng nhanh Ä‘Ã³ng gÃ³i cáº©n tháº­n Ä‘iá»‡n thoáº¡i giÃ¡ ráº» vÃ  cháº¥t lÆ°á»£ng tá»‘t,,,,,,,,,,,,,,
"cá»­a hÃ ng giao hÃ ng nhanh, Ä‘Ãºng sáº£n pháº©m, máº¥y sá»­ dá»¥ng ráº¥t mÆ°á»£t, ráº¥t Ä‘Ã¡ng tin cáº­y, má»i ngÆ°á»i hÃ£y yÃªn tÃ¢m khi mua sáº£n pháº©m bÃªn cá»­a hÃ ng nÃ y nhÃ©.",,,,,,,,,,,,,,
"cháº¥t lÆ°á»£ng sáº£n pháº©m: camera ráº¥t kÃ©m. Ä‘Ãºng vá»›i mÃ´ táº£: khÃ¡c xa quáº£ng cÃ¡o. tÃ­nh nÄƒng ná»•i báº­t: chá»¥p Ä‘Ãªm nhiá»…u. review: camera chá»¥p Ä‘Ãªm nhiá»…u háº¡t náº·ng, thua cáº£ mÃ¡y cÅ©. mÃ¡y cháº¡y cÃ¡c app cÆ¡ báº£n cÅ©ng giáº­t lag liÃªn tá»¥c. Ä‘Ã³ng hÃ ng sÆ¡ sÃ i.",,,,,,,,,,,,,,
"cháº¥t lÆ°á»£ng sáº£n pháº©m: kÃ©m,hao pin khÃ´ng giá»‘ng nhÆ° quáº£ng cÃ¡o dung máº¥y buáº« hÆ° khÃ´ng nháº­n sim",,,,,,,,,,,,,,
trÆ°á»›c máº¯t lÃ  tháº¥y tá»‘t sá»­ dá»¥ng thá»i gian xem tháº¿ nÃ o,,,,,,,,,,,,,,
mua vá» sÃ i chÆ°a tá»›i 10 ngÃ y ma cá»­a hÃ ng nháº¯n tin tráº£ láº¡i váº­y lÃ  thui rá»“i cá»§a hÃ ng lÃ m Äƒn gÃ¬ Ä‘eo chá»‹u trÃ¡nh nhiá»‡m gÃ¬ háº¿t lÃ m Äƒn kiá»ƒu nÃ y tháº¥t Ä‘Ãºc cháº¿t,,,,,,,,,,,,,,
"nhá»±a ráº» tiá»n lá»«a Ä‘áº£o camera sau má». hÃ ng nhÆ° Ä‘á»“ secondhand váº­y, cÃ³ váº¿t xÆ°á»›c sáºµn, cá»­a hÃ ng cÃ²n chá»¥p áº£nh sá»‘ng áº£o quÃ¡ trá»i.,",,,,,,,,,,,,,,
pin sáº¡c khÃ´ng Ä‘á»u hay ngáº¯t. camera thiáº¿u cháº¿ Ä‘á»™ pro. ship giao nháº§m ngÆ°á»i khÃ¡c.,,,,,,,,,,,,,,
há»i cá»­a hÃ ng cÃ³ nfc khÃ´ng. cá»­a hÃ ng báº£o cÃ³. mÃ  vá» sá»­ dá»¥ng khÃ´ng cÃ³,,,,,,,,,,,,,,
"tÃ­nh nÄƒng ná»•i báº­t: gÃ³i hÃ ng sÆ¡ sÃ i lÃ£nh tá»¥ tá»‘i cao iran: 'sáº½ khÃ´ng khoan nhÆ°á»£ng vá»›i israel' lÃ£nh tá»¥ ali khamenei Ä‘Äƒng tranh vá» tráº­n chiáº¿n cá»• xÆ°a cá»§a ngÆ°á»i há»“i giÃ¡o vá»›i ngÆ°á»i do thÃ¡i trong thÃ´ng Ä‘iá»‡p cá»©ng ráº¯n nháº¯m vÃ o israel, sau cÃ¡c lá»i Ä‘e dá»a tá»« Ã´ng trump. nhÃ¢n danh anh hÃ¹ng ali, cuá»™c chiáº¿n báº¯t Ä‘áº§u. ali trá»Ÿ láº¡i khaybar vá»›i thanh gÆ°Æ¡m zulfiqar, lÃ£nh tá»¥ tá»‘i cao iran ali khamenei viáº¿t trÃªn x hÃ´m nay, Ä‘Äƒng kÃ¨m áº£nh má»™t",,,,,,,,,,,,,,
hiá»‡u nÄƒng cháº­m khi táº£i file lá»›n. ship giao thiáº¿u seal báº£o máº­t. cs kh khÃ´ng cáº­p nháº­t tráº¡ng thÃ¡i Ä‘Æ¡n.,,,,,,,,,,,,,,
"Ä‘Ã³ng gÃ³i, giao hÃ ng nhanh sáº£n pháº©m tá»›i tay cÃ²n nguyÃªn váº¹n mÃ¡y má»›i nguyÃªn seal nhe sá»­ dá»¥ng khÃ¡ á»•n Ä‘á»‹nh Ä‘á»ƒ chá» sá»­ dá»¥ng 1 thá»i gian xem sao",,,,,,,,,,,,,,
"Ä‘Ã³ng gÃ³i khÃ´ng ngá»«a má»‘c, camera selfie tiáº¿ng á»“n vang. há»— trá»£ thÆ° khÃ´ng má»Ÿ, hiá»‡u nÄƒng bá»™ nhá»› giáº£.",,,,,,,,,,,,,,
"hÃ ng cháº¥t lÆ°á»£ng tá»‘t nhÆ° quáº£ng cÃ¡o, kÃ­ch hoáº¡t Ä‘Ãºng ngÃ y nháº­n mÃ¡y, Ä‘Ãºng nhÆ° mong Ä‘á»£i",,,,,,,,,,,,,,
sáº£n pháº©m phÃ¹ há»£p vá»›i giÃ¡ tiá»n. khi báº­t loa to thÃ¬ Ä‘iá»‡n thoáº¡i bá»‹ rung. Ä‘á»™ mÆ°á»£t vá»«a pháº£i. mua Ä‘Æ°á»£c kÃ¨m theo á»‘p.,,,,,,,,,,,,,,
"cháº¥t lÆ°á»£ng sáº£n pháº©m: nhÆ° hÃ ng cÅ©. Ä‘Ãºng vá»›i mÃ´ táº£: ghi lÃ  hÃ ng má»›i. tÃ­nh nÄƒng ná»•i báº­t: há»™p rÃ¡ch nÃ¡t. review: cá»­a hÃ ng giao hÃ ng trong cÃ¡i há»™p rÃ¡ch nÃ¡t, trÃ´ng nhÆ° hÃ ng cÅ©. khÃ´ng cÃ³ tem niÃªm phong. mÃ¡y lag, giáº­t liÃªn tá»¥c.",,,,,,,,,,,,,,
"cháº¥t lÆ°á»£ng sáº£n pháº©m: hiá»‡u nÄƒng giáº­t á»Ÿ thao tÃ¡c cÆ¡ báº£n. Ä‘Ãºng vá»›i mÃ´ táº£: thÃ´ng sá»‘ trÃªn trang khÃ´ng pháº£n Ã¡nh thá»±c táº¿. tÃ­nh nÄƒng ná»•i báº­t: khÃ´ng tÃ¬m tháº¥y Ä‘iá»ƒm máº¡nh. review: má»Ÿ camera + trÃ¬nh duyá»‡t lÃ  lag, app thoÃ¡t ngáº§m, pin tá»¥t nhanh, Ä‘Ã³ng gÃ³i sÆ¡ sÃ i, ship muá»™n",,,,,,,,,,,,,,
"cháº¥t lÆ°á»£ng sáº£n pháº©m: gps lá»‡ch, Ä‘á»‹nh vá»‹ nháº£y lung tung khi di chuyá»ƒn. Ä‘Ãºng vá»›i mÃ´ táº£: Ä‘á»‹nh vá»‹ khÃ´ng chÃ­nh xÃ¡c. tÃ­nh nÄƒng ná»•i báº­t: khÃ´ng cÃ³ cháº¿ Ä‘á»™ hiá»‡u chá»‰nh. review: dáº«n Ä‘Æ°á»ng lá»‡ch vÃ i chá»¥c mÃ©t, báº­t gps lÃ m pin tá»¥t nhanh, Ä‘Ã³ng gÃ³i sÆ¡, ship muá»™n, chÄƒm sÃ³c khÃ¡ch hÃ ng lÃºng tÃºng",,,,,,,,,,,,,,
cháº¥t lÆ°á»£ng sáº£n pháº©m: cháº¥t lÆ°á»£ng build kÃ©m viá»n mÃ¡y bá»‹ xÆ°á»›c dÄƒm. Ä‘Ãºng vá»›i mÃ´ táº£: chá»‘ng tráº§y xÆ°á»›c. tÃ­nh nÄƒng ná»•i báº­t: sá»­ dá»¥ng 1 thÃ¡ng viá»n mÃ¡y bá»‹ xÆ°á»›c dÄƒm. review: mÃ¡y ráº¥t dá»… xÆ°á»›c nhÃ¬n ráº¥t xáº¥u. pin sáº¡c lÃ¢u vÃ  sá»­ dá»¥ng nhanh háº¿t. chÄƒm sÃ³c khÃ¡ch hÃ ng khÃ´ng báº£o hÃ nh lá»—i nÃ y,,,,,,,,,,,,,,
"nháº­n hÃ ng cáº£m tháº¥y oke nha ráº¥t hÃ i lÃ²ng, nÃ³i chung mua online vá»› Ä‘Æ°á»£c giÃ¡ há»i nhÆ° nÃ y mÃ  cháº¥t lÆ°á»£ng tá»‘t nhÆ° nÃ y thÃ¬ khÃ´ng cÃ²n gÃ¬ bÃ n cÃ£i, vote cá»­a hÃ ng 5* nhe",,,,,,,,,,,,,,
"nhÃ³m mÃ u: natural dung lÆ°á»£ng lÆ°u trá»¯: 256gb nhiá»u tÃ¹y chá»n mÃ u sáº¯c, thiáº¿t káº¿ mÆ°á»£t mÃ  vÃ  phong cÃ¡ch, giao hÃ ng nhanh chÃ³ng vÃ  hiá»‡u quáº£,",,,,,,,,,,,,,,
"cháº¥t lÆ°á»£ng sáº£n pháº©m: mÃ¡y Ä‘áº¹p Ä‘Ãºng vá»›i mÃ´ táº£: tá»‘t tÃ­nh nÄƒng ná»•i báº­t: full chá»©c nÄƒng mÃ¡y trÃ´ng cÃ²n khÃ¡ má»›i full chá»©c nÄƒng , pin trÃ¢u khÃ´ng bá»‹ chai, mÃ¡y cÃ³ 1 sá»‘ váº¥n Ä‘á» nhÆ°ng cá»­a hÃ ng Ä‘Ã£ há»— trá»£ nhiá»‡t tÃ¬nh",,,,,,,,,,,,,,
"dung lÆ°á»£ng lÆ°u trá»¯: báº£n ram 4gb/64gb ráº¥t hÃ i lÃ²ng . mÃ¬nh mua 2 cÃ¡i a30 rá»“i váº«n thÃ­ch, pin 4000 nhÆ°ng sá»­ dá»¥ng cáº£ ngÃ y khÃ´ng háº¿t, tÆ°á»Ÿng nhÆ° 6000 váº­y.",,,,,,,,,,,,,,
"cháº¥t lÆ°á»£ng sáº£n pháº©m: pin tá»¥t nhanh dÃ¹ Ã­t sá»­ dá»¥ng. Ä‘Ãºng vá»›i mÃ´ táº£: thÃ´ng sá»‘ pin phÃ³ng Ä‘áº¡i. tÃ­nh nÄƒng ná»•i báº­t: camera trÆ°á»›c lÃ m má»‹n quÃ¡ Ä‘Ã . review: Ä‘á»ƒ cháº¿ Ä‘á»™ tiáº¿t kiá»‡m mÃ  váº«n tá»¥t 30%/2h, selfie nhÆ° nhá»±a, mÃ¡y hÆ¡i áº¥m, Ä‘Ã³ng gÃ³i má»ng, ship muá»™n, chÄƒm sÃ³c khÃ¡ch hÃ ng tráº£ lá»i lá»¡ háº¹n",,,,,,,,,,,,,,
"nhÃ³m mÃ u: natural dung lÆ°á»£ng lÆ°u trá»¯: 256gb ğŸ“¸cháº¥t lÆ°á»£ng camera:bá»™ xá»­ lÃ½ máº¡nh máº½ vÃ  nhanh chÃ³ng, mÃ n hÃ¬nh lá»›n vá»›i hiá»ƒn thá»‹ sá»‘ng Ä‘á»™ng, hiá»‡u suáº¥t mÃ¡y áº£nh áº¥n tÆ°á»£ng, tuá»•i thá» pin lÃ¢u dÃ i, giao hÃ ng nhanh chÃ³ng vÃ  hiá»‡u quáº£,",,,,,,,,,,,,,,
"cháº¥t lÆ°á»£ng sáº£n pháº©m: sáº¡c Ä‘Ã´i khi khÃ´ng nháº­n, máº¥t káº¿t ná»‘i. Ä‘Ãºng vá»›i mÃ´ táº£: sáº¡c á»•n Ä‘á»‹nh bá»‹ thá»•i phá»“ng. tÃ­nh nÄƒng ná»•i báº­t: cam zoom nhiá»…u. review: pháº£i rÃºt cáº¯m nhiá»u láº§n má»›i sáº¡c, zoom áº£nh nhiá»…u, mÃ¡y nÃ³ng, há»™p khÃ´ng Ä‘á»‡m, chÄƒm sÃ³c khÃ¡ch hÃ ng tráº£ lá»i cháº­m",,,,,,,,,,,,,,
cháº¥t lÆ°á»£ng sáº£n pháº©m: á»©ng dá»¥ng há»‡ thá»‘ng hay bá»‹ lá»—i Ä‘Ãºng vá»›i mÃ´ táº£: pháº§n má»m chÆ°a tá»‘i Æ°u tÃ­nh nÄƒng ná»•i báº­t: hay xuáº¥t hiá»‡n thÃ´ng bÃ¡o lá»—i review: mÃ¡y thÆ°á»ng xuyÃªn bá»‹ treo vÃ  cáº§n khá»Ÿi Ä‘á»™ng láº¡i,,,,,,,,,,,,,,
"cá»­a hÃ ng Ä‘Ã³ng gÃ³i cháº¯c cháº¯n, giao hÃ ng nhanh, sáº£n pháº©m giá»‘ng hÃ¬nh",,,,,,,,,,,,,,
"hÆ° loa ngoÃ i, mÃ¡y giÃ¡ ráº» nÃªn xem youtube hÆ¡i giáº­t",,,,,,,,,,,,,,
"tÃ­nh nÄƒng ná»•i báº­t: nghe gá»i, xem internet Ä‘Ãºng vá»›i mÃ´ táº£: tá»‘t cháº¥t lÆ°á»£ng sáº£n pháº©m: tá»‘t giÃ¡ tien phÃ¹ há»£p, mÃ¬nh mua cá»­a hÃ ng láº§n 2 rá»“i, mua cho ba chá»‰ sá»­ dá»¥ng xem internet nÃªn má»©c giÃ¡ nÃ y khÃ¡ lÃ  tá»‘t nhe má»i ngÆ°á»i",,,,,,,,,,,,,,
cháº¥t lÆ°á»£ng sáº£n pháº©m: kÃ©m cháº¥t camera selfie. Ä‘Ãºng vá»›i mÃ´ táº£: selfie Ä‘áº¹p khÃ¡c. tÃ­nh nÄƒng ná»•i báº­t: pin mau háº¿t. review: má»‹n nÃ©t thiáº¿u giáº£. pin chá»¥p tá»¥t. qua chÄƒm sÃ³c khÃ¡ch hÃ ng loa tráº£ lá»i,,,,,,,,,,,,,,
"nhÃ³m mÃ u: desert dung lÆ°á»£ng lÆ°u trá»¯: 256gb tuá»•i thá» pin lÃ¢u dÃ i, hiá»‡u suáº¥t mÃ¡y áº£nh áº¥n tÆ°á»£ng, mÃ n hÃ¬nh lá»›n vá»›i hiá»ƒn thá»‹ sá»‘ng Ä‘á»™ng, giao hÃ ng nhanh chÃ³ng vÃ  hiá»‡u quáº£,",,,,,,,,,,,,,,
variation3: báº¡c variation1: nguyÃªn seal mÃ¡y tá»‘t quÃ¡ cá»­a hÃ ng,,,,,,,,,,,,,,
"cháº¥t lÆ°á»£ng sáº£n pháº©m: tá»‘t tÃ­nh nÄƒng ná»•i báº­t: tá»‘t Ä‘Ãºng vá»›i mÃ´ táº£: Ä‘Ãºng giao hÃ ng hÆ¡i lÃ¢u pháº£i lÃªn táº­n bÆ°u cá»¥c láº¥yğŸ˜µâ€ğŸ’«ğŸ˜µâ€ğŸ’«, giÃ¡ sale ráº». trÆ°á»›c máº¯t tháº¥y khÃ¡ á»•nâ€¦",,,,,,,,,,,,,,
"camera bá»‹ váº¿t Ä‘en. mÃ¡y thÃ¬ tá»‘t mÃ n hÃ¬nh cáº£m á»©ng mÆ°á»£t mÃ , ráº¥t nháº¡y., nÃªn bá»‹ trá»« chá»‰ cho cá»­a hÃ ng Ä‘Æ°á»£c 4 sao thÃ´i",,,,,,,,,,,,,,
"cháº¥t lÆ°á»£ng sáº£n pháº©m: ráº¥t tá»‡. Ä‘Ãºng vá»›i mÃ´ táº£: khÃ¡c xa quáº£ng cÃ¡o. tÃ­nh nÄƒng ná»•i báº­t: combo tá»‡ háº¡i. review: tá»« váº­n chuyá»ƒn cháº­m cháº¡p cho tá»›i 1 sáº£n pháº©m hiá»‡u nÄƒng kÃ©m, pin yáº¿u khÃ´ng cÃ³ gÃ¬ giá»‘ng nhÆ° quáº£ng cÃ¡o má»™t tráº£i nghiá»‡m mua hÃ ng tá»“i tá»‡",,,,,,,,,,,,,,
"nhÃ³m mÃ u: desert dung lÆ°á»£ng lÆ°u trá»¯: 256gb hiá»‡u suáº¥t mÃ¡y áº£nh áº¥n tÆ°á»£ng, dá»‹ch vá»¥ khÃ¡ch hÃ ng xuáº¥t sáº¯c, bá»™ xá»­ lÃ½ máº¡nh máº½ vÃ  nhanh chÃ³ng,",,,,,,,,,,,,,,
"color: Ä‘en-l váº» ngoÃ i Ä‘Æ¡n giáº£n vÃ  Ä‘áº¹p trai, hiá»‡n Ä‘áº¡i vÃ  thá»i trang, vá»«a váº·n thoáº£i mÃ¡i vÃ  rá»™ng rÃ£i, thiáº¿t káº¿ phong cÃ¡ch vÃ  há»£p thá»i trang, dá»… phá»‘i Ä‘á»“ vÃ  linh hoáº¡t,",,,,,,,,,,,,,,
cá»­a hÃ ng Ä‘Ã³ng gÃ³i cáº©n tháº­n. sáº£n pháº©m nguyÃªn seal khÃ´ng cÃ³ váº¥n Ä‘á» gÃ¬ khi nháº­n hÃ ng,,,,,,,,,,,,,,
"Ä‘Ãºng vá»›i mÃ´ táº£: Ä‘Ãºng vá»›i mÃ´ táº£ giao hÃ ng nhanh, cá»­a hÃ ng giao Ä‘Ãºng hÃ ng, mÃ¡y má»›i 99%, mÃ¬nh mua táº·ng Ã´ng bÃ  nÃªn nhá» cá»­a hÃ ng test trÆ°á»›c khi gá»­i",,,,,,,,,,,,,,
"color family: random color sáº£n pháº©m: mÃ u Ä‘en cÃ¡p sáº¡c mua hÃ ng á»Ÿ cá»­a hÃ ng nÃ y khÃ¡ tá»‘t, Ä‘Ã³ng gÃ³i tá»‘t. giÃ¡ tiá»n ráº» so vá»›i máº·t báº±ng chung. nhÃ¬n chung thÃ¬ cÅ©ng hÃ i lÃ²ng nha",,,,,,,,,,,,,,
"variation3: mÃ ungáº«unhiÃªn j8 3/32 khÃ´ng Ä‘Ãºng sáº£n pháº©m, mua a50s láº¡i giao j8",,,,,,,,,,,,,,
dung lÆ°á»£ng lÆ°u trá»¯: a12 ram 6gb/128gb nhÃ³m mÃ u: Ä‘en tá»‘t,,,,,,,,,,,,,,
"nhÃ³m mÃ u: white dung lÆ°á»£ng lÆ°u trá»¯: 256gb tuá»•i thá» pin lÃ¢u dÃ i,",,,,,,,,,,,,,,
nhÃ³m mÃ u: Ä‘en mua sam sung j7 mÃ u Ä‘en giao mÃ u há»“ng. cÃ³ 16g khÃ´ng pháº£i 32g lazada bÃ¡o kg Ä‘Ãºng. kg cÃ³ sáº¡c pin ná»¯a,,,,,,,,,,,,,,
"nhÃ³m mÃ u: Ä‘en ğŸ”‹thá»i lÆ°á»£ng pin:mÃ n hÃ¬nh sá»‘ng Ä‘á»™ng vá»›i Ä‘á»™ phÃ¢n giáº£i full hd+, khe cáº¯m sim kÃ©p tiá»‡n lá»£i,",,,,,,,,,,,,,,
"cháº¥t lÆ°á»£ng sáº£n pháº©m: camera chá»¥p kÃ©m. Ä‘Ãºng vá»›i mÃ´ táº£: áº£nh khÃ¡c quáº£ng cÃ¡o. tÃ­nh nÄƒng ná»•i báº­t: pin yáº¿u. review: camera chá»¥p áº£nh má», mÃ u sáº¯c khÃ´ng chuáº©n. pin tá»¥t nhanh dÃ¹ sá»­ dá»¥ng nháº¹. ship muá»™n, Ä‘Ã³ng gÃ³i lá»ng láº»o. chÄƒm sÃ³c khÃ¡ch hÃ ng khÃ´ng há»— trá»£ tá»‘t",,,,,,,,,,,,,,
"Ä‘Ãºng vá»›i mÃ´ táº£: khÃ´ng Ä‘Ãºng hoÃ n toÃ n cháº¥t lÆ°á»£ng sáº£n pháº©m: cÅ©ng táº¡m cháº¥p nháº­n so vá»›i quáº£ng cÃ¡o tÃ­nh nÄƒng ná»•i báº­t: chip máº¡nh mÃ¬nh mua vá» test camera Ä‘iá»‡n thoáº¡i thÃ¬ khÃ´ng cÃ³ cam gÃ³c rá»™ng,rá»“i cá»­a hÃ ng láº¡i giáº£i thÃ­ch lÃ  do nháº­p hÃ ng nhiá»u nÆ°á»›c nÃªn mÃ¡y cÃ³ mÃ¡y khÃ´ng :))),váº­y mÃ  cá»­a hÃ ng khÃ´ng nÃ³i cá»© quáº£ng cÃ¡o lÃ  cÃ³ cam gÃ³c rá»™ng. tiáº¿p theo lÃ  pháº§n bá»™ nhá»› 8/256 nhÆ°ng chá»‰ cÃ³ ram 8g lÃ  chuáº©n,cÃ²n rom 256g thÃ¬ chá»‰ cÃ³ 128g cháº¯c do kÃ­ch áº£o,cháº¯c do Ä‘Ã³ nÃªn khi má»›i mua vá» 17.9g dÃ¹ mÃ¬nh Ä‘Ã£ táº£i thÃªm ráº¥t nhiá»u nhÆ°ng nÃ³ cÅ©ng váº«n 17.9g khÃ´ng há» tÄƒng lÃªn dÃ¹ Ä‘Ã£ sá»­ dá»¥ng thÃªm.hÃ¬nh áº£nh trÃªn lÃ  minh hoáº¡ cá»§a mÃ¬nh.cÃ²n láº¡i thá»‰ oke,chip khoáº»,pin trÃ¢u,sáº¡c nhanh, nhÆ°ng lá»«a dá»‘i khÃ¡ch hÃ ng khÃ´ng thá»ƒ Ä‘á»ƒ im.",,,,,,,,,,,,,,
"mÃ¡y sá»­ dá»¥ng táº¡m á»•n, mÃ n hÃ¬nh bá»‹ loáº¡n cáº£m á»©ng :(((( ráº¥t mong cá»­a hÃ ng cho cÃ¡ch kháº¯c phá»¥c",,,,,,,,,,,,,,
má»i chá»©c nÄƒng á»•n Ä‘á»‹nh. cÃ³ má»—i cÃ¡i mÃ n hÃ¬nh lÃ  hÆ¡i khÃ³ báº¥m vá»›i cáº£m á»©ng khÃ´ng mÆ°á»£t cho láº¯m,,,,,,,,,,,,,,
"cháº¥t lÆ°á»£ng sáº£n pháº©m: Ã¢m lÆ°á»£ng loa ngoÃ i nhá», rÃ¨ khi tÄƒng. Ä‘Ãºng vá»›i mÃ´ táº£: Ã¢m thanh quáº£ng cÃ¡o quÃ¡ lá»i. tÃ­nh nÄƒng ná»•i báº­t: speaker quality khÃ´ng Ä‘áº¡t. review: xem video khÃ´ng Ä‘Ã£, gá»i loa ngoÃ i nhá», ship khÃ´ng kÃ¨m á»‘p nhÆ° mÃ´ táº£",,,,,,,,,,,,,,
em cáº£m Æ¡n cá»­a hÃ ng nhiá»u a Ä‘iá»‡n thoáº¡i Ä‘áº¹p áº¡ ğŸ˜,,,,,,,,,,,,,,
"nhÃ³m mÃ u: Ä‘en tráº£i nghiá»‡m ngÆ°á»i sá»­ dá»¥ng mÆ°á»£t mÃ  vÃ  liá»n máº¡ch, mÃ n hÃ¬nh sá»‘ng Ä‘á»™ng vá»›i Ä‘á»™ phÃ¢n giáº£i full hd+, dung lÆ°á»£ng lÆ°u trá»¯ rá»™ng rÃ£i 128gb,",,,,,,,,,,,,,,
mÃ¡y nÃ³ng khi sáº¡c. hiá»‡u nÄƒng giáº£m rÃµ rá»‡t sau vÃ i thÃ¡ng. pin tá»¥t nhanh khi chÆ¡i game. mÃ¡y giáº­t Ä‘Æ¡ liÃªn tá»¥c. pin chá»‰ xÃ i Ä‘Æ°á»£c 3 tiáº¿ng lÃ  háº¿t. cskh k pháº£n há»“i tin nháº¯n,,,,,,,,,,,,,,
"nhÃ³m mÃ u: xanh tráº£i nghiá»‡m ngÆ°á»i sá»­ dá»¥ng mÆ°á»£t mÃ  vÃ  liá»n máº¡ch, bá»™ xá»­ lÃ½ helio g85 máº¡nh máº½, dung lÆ°á»£ng lÆ°u trá»¯ rá»™ng rÃ£i 128gb,",,,,,,,,,,,,,,
"dá»… tráº§y xÆ°á»›c mÃ u khÃ´ng Ä‘Ãºng mÃ n hÃ¬nh tá»‘i, cháº¡y cháº­m. nhÃ¬n mÃ u trÃªn web lÃ  xanh Ä‘áº­m mÃ  khi nháº­n Ä‘Æ°á»£c láº¡i lÃ  xanh nháº¡t, mÃ n hÃ¬nh tá»‘i hÆ¡n quáº£ng cÃ¡o, sá»­ dá»¥ng náº·ng lÃ  bá»‹ Ä‘Æ¡.",,,,,,,,,,,,,,
"kÃ©m sai bÃ©t wifi yáº¿u khÃ´ng báº¯t Ä‘Æ°á»£c tÃ­n hiá»‡u máº¡nh, Ä‘Ã³ng hÃ ng rÃ¡ch rÆ°á»›i mÃ³p mÃ©o má»™t bÃªn, chÄƒm sÃ³c khÃ¡ch hÃ ng thá» Æ¡ khÃ´ng há»— trá»£ Ä‘á»•i",,,,,,,,,,,,,,
sáº£n pháº©m tá»‘t cá»­a hÃ ng há»— trá»£ nhiá»‡t tÃ¬nh áº¡,,,,,,,,,,,,,,
nhÃ³m mÃ u: Ä‘en cháº¥t lÆ°á»£ng:cháº¥t lÆ°á»£ng nhÆ° hÃ¬nh nhÆ°ng mÃ  cÃ³ 3 ghi bá»™ nhá»› thÃ¬ hÆ¡i Ã­t nÃ³i chung lÃ m mÃ¡y dá»± phÃ²ng vá»›i chá»‘ng chÃ¡y thÃ¬ oke,,,,,,,,,,,,,,
"nhÃ³m mÃ u: pink dung lÆ°á»£ng lÆ°u trá»¯: 128gb giÃ¡ trá»‹ tuyá»‡t vá»i cho sá»‘ tiá»n bá» ra, mÃ n hÃ¬nh sá»‘ng Ä‘á»™ng, dung lÆ°á»£ng lÆ°u trá»¯ cao, hiá»‡u suáº¥t mÆ°á»£t mÃ ,",,,,,,,,,,,,,,
nhÃ³m mÃ u: xÃ¡m nháº¡t dung lÆ°á»£ng lÆ°u trá»¯: 128gb Ä‘Ã£ nháº­n Ä‘Æ°á»£c hÃ ng bá»©c Ä‘áº§u tá»‘t. Ä‘á»£i tÃ©t ná»¯a thÃ´i,,,,,,,,,,,,,,
kh há»— trá»£ tiáº¿ng Ä‘á»‹a phÆ°Æ¡ng kÃ©m. camera selfie má»‹n giáº£ máº¥t nÃ©t da. hiá»‡u nÄƒng lag cáº­p nháº­t pháº§n má»m.,,,,,,,,,,,,,,
"hiá»‡u nÄƒng chÆ¡i game kÃ©m, fps ko á»•n Ä‘á»‹nh, giáº­t lag liÃªn tá»¥c. áº£nh chá»¥p ngoÃ i trá»i bá»‹ lÃ³a sÃ¡ng. ship ko gá»i bÃ¡o trÆ°á»›c khi giao.",,,,,,,,,,,,,,
mua 2 cÃ¡i Ä‘á»ƒ nuÃ´i sim. mÃ¡y cÅ©ng Ä‘Æ°á»£c. kháº£ nÄƒng khÃ´ng pháº£i hÃ ng chÃ­nh hÃ£ng. nhÆ°ng vá»›i giÃ¡ tiá»n nÃ y chÆ¡i Ä‘Æ°á»£c. cÅ©ng chá»‰ nghe gá»i khÃ´ng cáº§n yÃªu cáº§u quÃ¡ nhiá»u. mÃ¡y khÃ¡ Ä‘áº¹p.,,,,,,,,,,,,,,
"nhÃ³m mÃ u: Ä‘en khe cáº¯m sim kÃ©p tiá»‡n lá»£i, bá»™ xá»­ lÃ½ helio g85 máº¡nh máº½, mÃ n hÃ¬nh sá»‘ng Ä‘á»™ng vá»›i Ä‘á»™ phÃ¢n giáº£i full hd+, dung lÆ°á»£ng lÆ°u trá»¯ rá»™ng rÃ£i 128gb,",,,,,,,,,,,,,,
"Ä‘áº¹p. mÃ n hÃ¬nh to, phá»¥ huynh tháº¥y rá» hÆ¡n. nÃ³i chung lÃ  vá»›i giÃ¡ tiá»n nhÆ° tháº¿ thÃ¬ khÃ´ng cÃ³ gÃ¬ pháº£i chÃª",,,,,,,,,,,,,,
"mÃ u sáº¯c: xanh biá»ƒn giao nháº§m nhÆ°ng Ä‘iá»‡n thoáº¡i sá»­ dá»¥ng á»•n, cáº§n cáº©n tháº­n hÆ¡n khÃ¢u gÃ³i hÃ ng",,,,,,,,,,,,,,
"mÃ u sáº¯c: mÃ u ngáº«u nhiÃªn sáº£n pháº©m: cÃ¡p sáº¡c mÃ¬nh ráº¥t vá»«a Ã½,mÃ¡y Ä‘áº¹p,cáº§m cháº¯c tay vÃ  cá»©ng cÃ¡p,giÃ¡ cáº£ bÃ¬nh dÃ¢n, kiá»ƒu dÃ¡ng Ä‘áº¹p.cá»­a hÃ ng uy tÃ­n giao hÃ ng Ä‘Ãºng háº¹n,ráº¥t nhanh nháº¹n,phá»¥c vá»¥ tá»‘t. cháº¥t lÆ°á»£ng mÃ¡y ráº¥t tá»‘t, Ä‘Ã£ test vÃ  sá»­ dá»¥ng chÆ°a tháº¥y lá»—i gÃ¬ phÃ¡t sinh.ráº¥t yÃªn tÃ¢m vá» sáº£n pháº©m cá»§a cá»­a hÃ ng",,,,,,,,,,,,,,
cá»­a hÃ ng uy tÃ­n giao hÃ ng nhanh giÃ¡ há»£p lÃ½ vá»›i má»i nhÃ ..sáº½ á»§ng há»™ cá»­a hÃ ng thÃªm vÃ i cÃ¡i ná»¯a................,,,,,,,,,,,,,,
nhÃ³m mÃ u: Ä‘en má»i thÆ° tá»‘t hai lÃ²ng,,,,,,,,,,,,,,
"cháº¥t lÆ°á»£ng ráº¥t tá»‡, má»Ÿ Ä‘Æ°á»£c 1 láº§n sau Ä‘Ã³ sáº­p rá»“i khÃ´ng thá»ƒ khá»Ÿi Ä‘á»ng 1 láº§n ná»¯a. sá»­ dá»¥ng lÃ m xÃ¡c thÃ¬ oke chá»© cam, loa, mÃ n hÃ¬nh nÃ¡t cáº£ rá»“i.",,,,,,,,,,,,,,
"cháº¥t lÆ°á»£ng sáº£n pháº©m: mÃ n hÃ¬nh Ã¡m mÃ u, gÃ³c nhÃ¬n khÃ´ng tá»‘t. Ä‘Ãºng vá»›i mÃ´ táº£: mÃ u sáº¯c pr khÃ¡c thá»±c táº¿. tÃ­nh nÄƒng ná»•i báº­t: auto-brightness oscillate. review: xem áº£nh tháº¥y Ã¡m, ngoÃ i trá»i khÃ´ng nhÃ¬n rÃµ, ship tá»›i muá»™n",,,,,,,,,,,,,,
pin sáº¡c pin lá»—i ngáº¯t quÃ£ng hiá»‡u nÄƒng quÃ¡ táº£i app náº·ng chÄƒm sÃ³c khÃ¡ch hÃ ng im thin thÃ­t,,,,,,,,,,,,,,
camera sau bá»‹ má» khÃ´ng rÃµ,,,,,,,,,,,,,,
"ğŸ”‹thá»i lÆ°á»£ng pin:khÃ¡ á»•n xem vÃ  táº£i 7h váº«n cÃ²n 30% , ğŸ“¸cháº¥t lÆ°á»£ng camera:sáº¯c nÃ©t Ä‘áº·c biá»‡t cam trc. má»—i tá»™i loa ngoÃ i khÃ´ng nghe Ä‘Æ°á»£c rÃ¨ rÃ¨ kinh luÃ´n hÃ´m kc láº¡i máº¥t cÃ´ng Ä‘i sá»­a , bÃ¢o tÃ©t ká»¹ ká»¹ chÃºt thÃ¬ cháº£ tÃ©t 4,5 sao váº­y.",,,,,,,,,,,,,,
"nhÃ³m mÃ u: midnight dung lÆ°á»£ng lÆ°u trá»¯: 128gb chÃ­nh hÃ£ng, mÃ£ vna. Ä‘Ã³ng gÃ³i cáº©n tháº­n. Ä‘Æ°á»£c táº·ng tÃºi váº£i ráº¥t Ä‘áº¹p, kÃ¨m má»™t xáº¥p bao lÃ¬ xÃ¬ táº¿t.",,,,,,,,,,,,,,
"mua 2 cÃ¡i mÃ¡y cá»§a cá»­a hÃ ng Ä‘á»u tá»‘t ,sá»­ dá»¥ng mÆ°á»›p láº¯m, cáº£m Æ¡n cá»­a hÃ ng Ä‘Ã£ bÃ¡n Ä‘Ãºng sáº£n pháº©m,cháº¥t lÆ°á»£ng láº¯m nha cá»­a hÃ ng sáº½ cÃ²n tiáº¿p tá»¥c á»§ng há»™ cá»­a hÃ ng.",,,,,,,,,,,,,,
"fake ram 4gb thÃ nh 6gb, rom Ä‘á»§ mÃ n hÃ¬nh 8 Ä‘iá»ƒm cháº¡m, khÃ´ng sá»­ dá»¥ng Ä‘Æ°á»£c 2 cháº¡m má»Ÿ táº¯t mÃ n hÃ¬nh vÃ¢n tay tá»‘t pin tá»‘t ngoáº¡i hÃ¬nh phá»¥ kiá»‡n Ä‘áº§y Ä‘á»§ tá»‘t loa mic tá»‘t hÃºt wifi tá»‘t cáº£m á»©ng tá»‘t 3 nÃºt cá»©ng tá»‘t sim tá»‘t nhá» cá»­a hÃ ng kiá»ƒm tra ram rom mÃ  váº«n bá»‹ thiáº¿u sÃ³t.",,,,,,,,,,,,,,
shipping khÃ´ng bá»“i thÆ°á»ng cháº­m trá»… camera portrait cáº¯t lá»‡ch pin sáº¡c cháº­m,,,,,,,,,,,,,,
"hÃ¬nh áº£nh mang tÃ­nh cháº¥t tÆ°á»£ng trÆ°ng, Ä‘Ãºng lÃ  tiá»n nÃ o cá»§a Ä‘Ã³ sá»­ dá»¥ng khÃ´ng Ä‘Æ°á»£c",,,,,,,,,,,,,,
"mÃ¡y Ä‘áº¹p, nhá» gá»n",,,,,,,,,,,,,,
chÃ¡n :) mua xong cÃ³ giáº£m giÃ¡ thÃªm 600k ná»¯a :)))) khÃ´ng biáº¿t nÃ³i gÃ¬ hÆ¡n cáº£m tháº¥y bá»‹ sá»‰ nhá»¥c ghÃª,,,,,,,,,,,,,,
"cháº¥t lÆ°á»£ng sáº£n pháº©m: tá»‘t Ä‘Ãºng vá»›i mÃ´ táº£: Ä‘Ãºng giao hÃ ng nhanh Ä‘Ã³ng gÃ³i cáº©n tháº­n, tráº£i nghiá»‡m mÃ¡y 1 tuáº§n thÃ¬ mÃ¡y mÆ°á»£t chá»‰ game thÃ¬ táº§m giÃ¡ nÃ y nÃªn mua mÃ¡y",,,,,,,,,,,,,,
Ä‘Ãºng vá»›i mÃ´ táº£: Ä‘Ãºng cháº¥t lÆ°á»£ng sáº£n pháº©m: tá»‘t tÃ­nh nÄƒng ná»•i báº­t: 7000mah pin,,,,,,,,,,,,,,
"Ä‘Ãºng vá»›i mÃ´ táº£: Ä‘Ãºng cháº¥t lÆ°á»£ng sáº£n pháº©m: tá»‘t giao hÃ ng Ä‘Ãºng mÃ´ táº£, táº·ng cá»­a hÃ ng 5*",,,,,,,,,,,,,,
