data,Battery,Camera,Performance,Display,Design,Software,Packaging,Price,Warranty,Shop_Service,Shipping,General,Others
tÃ­nh nÄƒng ná»•i báº­t: mÃ¡y má»›i Ä‘Ãºng vá»›i mÃ´ táº£: Ä‘Ãºng mÃ´ táº£ cháº¥t lÆ°á»£ng sáº£n pháº©m: cháº¥t lÆ°á»£ng tá»‘t giÃ¡ thÃ nh phÃ¹ há»p. cháº¥t lÆ°á»£ng tá»‘t. Ä‘Ã£ sá»­ dá»¥ng Ä‘Æ°á»£c 1 tuáº§n rá»“i. tháº¥y á»•n Ä‘á»‹nh.,,,,,,,,,,,,,
cháº¥t lÆ°á»£ng sáº£n pháº©m: selfie camera cháº¥t kÃ©m. Ä‘Ãºng vá»›i mÃ´ táº£: khÃ¡c Ä‘áº¹p selfie. tÃ­nh nÄƒng ná»•i báº­t: háº¿t mau pin. review: nÃ©t thiáº¿u giáº£ má»‹n. tá»¥t chá»¥p pin. tráº£ lá»i chÄƒm sÃ³c khÃ¡ch hÃ ng loa qua,,,,,,,,,,,,,
"nhÃ³m mÃ u: Ä‘en ğŸ”‹thá»i lÆ°á»£ng pin:lÃ¢u ğŸ“¸cháº¥t lÆ°á»£ng camera:cháº¥t lÆ°á»£ng mÃ¡y áº£nh tuyá»‡t vá»i Ä‘á»ƒ chá»¥p láº¡i khoáº£nh kháº¯c, âš¡hiá»‡u suáº¥t:bá»™ xá»­ lÃ½ helio g85 máº¡nh máº½,",,,,,,,,,,,,,
"mÃ¡y sá»­ dá»¥ng tá»‘t táº¥t cáº£ chá»©c nÄƒng, ráº¥t hÃ i lÃ²ng. mÃ¡y ráº» mÃ  ráº¥t tá»‘t. cá»­a hÃ ng bÃ¡n hÃ ng ráº¥t cÃ³ tÃ¢m !",,,,,,,,,,,,,
"nhÃ³m mÃ u: desert dung lÆ°á»£ng lÆ°u trá»¯: 256gb dá»‹ch vá»¥ khÃ¡ch hÃ ng xuáº¥t sáº¯c, xÃ¢y dá»±ng cháº¥t lÆ°á»£ng cao, thiáº¿t káº¿ mÆ°á»£t mÃ  vÃ  phong cÃ¡ch,",,,,,,,,,,,,,
"cháº¥t lÆ°á»£ng sáº£n pháº©m: hiá»‡u nÄƒng Ä‘a nhiá»‡m yáº¿u. Ä‘Ãºng vá»›i mÃ´ táº£: chip khÃ´ng Ä‘áº¡t chuáº©n. tÃ­nh nÄƒng ná»•i báº­t: cam selfie Ã¡m xanh. review: má»Ÿ nhiá»u app giáº­t, áº£nh xanh báº¥t thÆ°á»ng, pin 4h Ä‘Ã£ háº¿t, Ä‘Ã³ng gÃ³i cáº©u tháº£",,,,,,,,,,,,,
"nhÃ³m mÃ u: black dung lÆ°á»£ng lÆ°u trá»¯: 128gb hÃ ng nguyÃªn seal Ä‘Ãºng quÃ£ng cÃ¡o, giao nhanh Ä‘Ã³ng gÃ³i cáº©n tháº­n",,,,,,,,,,,,,
mÃ u sáº¯c: Ä‘en phÃ¢n loáº¡i: fullbox má»›i +sáº¡c 18w tá»‘t,,,,,,,,,,,,,
cháº¥t lÆ°á»£ng sáº£n pháº©m cáº­p nháº­t pháº§n má»m cháº­m nhiá»u lá»—i. Ä‘Ãºng vá»›i mÃ´ táº£ báº£n demo khÃ¡c báº£n bÃ¡n. tÃ­nh nÄƒng ná»•i báº­t tÃ­nh á»•n Ä‘á»‹nh pháº§n má»m tá»‡. review sau vÃ i cáº­p nháº­t mÃ¡y váº«n cÃ²n lá»—i app hay lag. pin váº«n á»•n nhÆ°ng hiá»‡u nÄƒng nhiá»u khi treo. Ä‘Ã³ng gÃ³i tá»‘t nhÆ°ng váº­n chuyá»ƒn lÃ¢u. chÄƒm sÃ³c khÃ¡ch hÃ ng máº¥t thá»i gian khÃ´ng chá»‹u trÃ¡ch nhiá»‡m rÃµ rÃ ng,,,,,,,,,,,,,
"Ä‘iá»‡n thoáº¡i Ä‘áº¹p, nhanh vÃ  nháº¡y láº¯m, hÃ ng cá»§a fpt nÃªn yÃªn tÃ¢m rá»“i, Ä‘áº·t sÃ¡ng lÃ  chiá»u nhÃ¢n viÃªn Ä‘em tá»›i",,,,,,,,,,,,,
"nhÃ³m mÃ u: mÃ u Ä‘en nhÃ¡m cháº¥t lÆ°á»£ng:tá»‘t tÃ­nh nÄƒng:tá»‘t Ä‘áº·t mÃ u Ä‘en nhÆ°ng giao mÃ u báº¡c... nhÆ°ng mÃ u báº¡c tuyá»‡t Ä‘áº¹p. Ä‘Ãºng hÃ¬nh thá»©c 99% mÃ¡y má»¹ (sáº£n xuáº¥t á»Ÿ Viá»‡t Nam nha). sá»­ dá»¥ng Ä‘Æ°á»£c 2 sim. cÃ²n Ã¡p suáº¥t chá»‘ng nÆ°á»›c. Ä‘Ã£ test 2 ngÃ y, mÆ°á»£t, á»•n. mÃ¡y snapdragon 888 nÃªn mau nÃ³ng cÅ©ng mau háº¡ nhiá»‡t khi ngÆ°ng sá»­ dá»¥ng. pin thÃ¬ bÃ¬nh thÆ°á»ng, tá»¥t hÆ¡i nhanh chÃºt.",,,,,,,,,,,,,
"oke nhe. pin khÃ´ng trÃ¢u láº¯m. hÃ ng má»›i, Ä‘áº¹p. phÃ¹ há»£p cho a chá»‹ nÃ o lÃ m cty báº£o máº­t",,,,,,,,,,,,,
"cháº¥t lÆ°á»£ng sáº£n pháº©m: tá»‘t giao hÃ ng nhanh , sáº£n pháº©m giá»‘ng nhÆ° mÃ´ táº£ , giÃ¡ cáº£ há»£p lÃ½ , Ä‘Ã¡ng mua .",,,,,,,,,,,,,
"cháº¥t lÆ°á»£ng sáº£n pháº©m: cá»­a hÃ ng giao sai phiÃªn báº£n bá»™ nhá»›, Ä‘Ã³ng gÃ³i táº¡m bá»£. Ä‘Ãºng vá»›i mÃ´ táº£: giao sai hÃ ng, Ä‘áº·t báº£n 256gb giao báº£n 128gb. tÃ­nh nÄƒng ná»•i báº­t: khÃ´ng. review: cá»­a hÃ ng lÃ m Äƒn khÃ´ng uy tÃ­n, giao sai dung lÆ°á»£ng. há»™p thÃ¬ chá»‰ quáº¥n bÄƒng keo, trÃ´ng ráº¥t thiáº¿u chuyÃªn nghiá»‡p, quÃ¡ trÃ¬nh Ä‘á»•i tráº£ ráº¥t má»‡t má»i",,,,,,,,,,,,,
"do lÆ°á»i up áº£nh vÃ  video sáº£n pháº©m Ä‘iá»‡n thoáº¡i sá»­ dá»¥ng á»•n, sá»­ dá»¥ng lÃ¢u hÆ¡i lag xÃ­u, táº¯t mÃ¡y má»Ÿ láº¡i lÆ°á»›t tá»‘t, khÃ´ng chÆ¡i game náº·ng nhÆ° pubg Ä‘Æ°á»£c lag kinh, nghe gá»i lÃ m mÃ¡y phá»¥ tá»‘t",,,,,,,,,,,,,
cháº¥t lÆ°á»£ng sáº£n pháº©m: pin kÃ©m nÃ³ng ran. Ä‘Ãºng vá»›i mÃ´ táº£: khÃ´ng bá»n nhÆ° cam káº¿t. tÃ­nh nÄƒng ná»•i báº­t: camera mÃ u sai. review: pin háº¿t nhanh lÆ°á»›t web. áº£nh giáº£ táº¡o. chÄƒm sÃ³c khÃ¡ch hÃ ng khÃ´ng há»— trá»£ tá»‘t,,,,,,,,,,,,,
cháº¥t lÆ°á»£ng sáº£n pháº©m: camera selfie bá»‹ noise nhiá»u Ä‘Ãºng vá»›i mÃ´ táº£: áº£nh selfie cháº¥t lÆ°á»£ng kÃ©m tÃ­nh nÄƒng ná»•i báº­t: nhiá»…u háº¡t trong Ä‘iá»u kiá»‡n thiáº¿u sÃ¡ng review: selfie bá»‹ nhiá»…u khÃ´ng thá»ƒ cháº¥p nháº­n Ä‘Æ°á»£c,,,,,,,,,,,,,
kháº£ nÄƒng lÆ°u trá»¯: 32gb nhÃ³m mÃ u: nhiá»u mÃ u mÃ¡y tá»‘t Ä‘áº¹p,,,,,,,,,,,,,
"hÃ ng giÃ¡ trá»‹ cao mÃ  nhÃ¢n viÃªn giao hÃ ng Ä‘áº¿n giao hÃ ng khÃ´ng xÃ¡c nháº­n cÃ³ Ä‘Ãºng lÃ  chÃ­nh chá»§ Ä‘áº·t hay khÃ´ng, ráº¥t Ä‘Ã¡ng lo ngáº¡i khi quy trÃ¬nh giao nháº­n hÃ ng hÃ³a giÃ¡ trá»‹ cao láº¡i thiáº¿u sÃ³t khÃ¢u xÃ¡c minh danh tÃ­nh ngÆ°á»i nháº­n nhÆ° váº­y, khÃ´ng yÃªu cáº§u kÃ­ tÃªn hoáº·c cung cáº¥p cccd, Ä‘Æ¡n hÃ ng Ä‘Ã£ thanh toÃ¡n náº¿u cháº³ng may giao nháº§m ngÆ°á»i nháº­n thÃ¬ pháº£i lÃ m tháº¿ nÃ o, cho dÃ¹ giao Ä‘Ãºng sá»‘ nhÃ  váº«n cÃ³ thá»ƒ giao nháº§m cho ngÆ°á»i khÃ¡c, viá»‡c giao nháº§m khÃ´ng chá»‰ gÃ¢y phiá»n toÃ¡i trong viá»‡c xÃ¡c minh, mÃ  cÃ²n cÃ³ nguy cÆ¡ dáº«n Ä‘áº¿n nhá»¯ng tranh cháº¥p phÃ¡p lÃ½ khÃ´ng Ä‘Ã¡ng cÃ³, kiá»‡n tá»¥ng. tiá»n Ä‘Ã£ thanh toÃ¡n náº¿u cÃ³ láº¥y láº¡i Ä‘Æ°á»£c cÅ©ng ráº¥t máº¥t cÃ´ng, ai sáº½ chá»‹u trÃ¡ch nhiá»‡m cho viá»‡c nÃ y? Ä‘á»ƒ Ä‘áº£m báº£o an tÃ¢m cho khÃ¡ch hÃ ng, Ä‘áº·c biá»‡t vá»›i nhá»¯ng Ä‘Æ¡n hÃ ng cÃ³ giÃ¡ trá»‹, cá»­a hÃ ng cáº§n kháº©n trÆ°Æ¡ng lÃ m viá»‡c láº¡i vá»›i Ä‘Æ¡n vá»‹ váº­n chuyá»ƒn. viá»‡c nÃ y khÃ´ng chá»‰ cá»§ng cá»‘ niá»m tin cá»§a khÃ¡ch hÃ ng hiá»‡n táº¡i mÃ  cÃ²n lÃ  yáº¿u tá»‘ quan trá»ng Ä‘á»ƒ nhá»¯ng khÃ¡ch hÃ ng tiá»m nÄƒng nhÆ° tÃ´i cÃ³ thá»ƒ yÃªn tÃ¢m tiáº¿p tá»¥c á»§ng há»™ cá»­a hÃ ng trong tÆ°Æ¡ng lai. hy vá»ng cá»­a hÃ ng sáº½ sá»›m cÃ³ nhá»¯ng cáº£i thiá»‡n tÃ­ch cá»±c trong quy trÃ¬nh giao nháº­n.",,,,,,,,,,,,,
"nhÃ³m mÃ u: desert dung lÆ°á»£ng lÆ°u trá»¯: 512gb xÃ¢y dá»±ng cháº¥t lÆ°á»£ng cao, hiá»‡u suáº¥t mÃ¡y áº£nh áº¥n tÆ°á»£ng, thiáº¿t káº¿ mÆ°á»£t mÃ  vÃ  phong cÃ¡ch,",,,,,,,,,,,,,
"cháº¥t lÆ°á»£ng sáº£n pháº©m: á»•n Ä‘Ãºng vá»›i mÃ´ táº£: Ä‘Ãºng tÃ­nh nÄƒng ná»•i báº­t: cÃ³ vÃ¢n tay trong mÃ n hÃ¬nh Ä‘iá»‡n thoáº¡i á»•n trong táº§m giÃ¡, chá»¥p báº§u trá»i lÃºc trá»i xanh mÃ¢y tráº¯ng Ä‘áº¹p. sá»­ dá»¥ng Ä‘Æ°á»£c máº¥y hÃ´m tháº¥y khÃ¡ mÆ°á»£t. pin hÆ¡i yáº¿u dÃ¹ cÃ³ viÃªn pin 5500mah. vá»›i nhu cáº§u cÆ¡ báº£n chá»‰ nghe gá»i, lÆ°á»›t máº¡ng xÃ£ há»™i thÃ¬ Ä‘iá»‡n thoáº¡i nÃ y sá»­ dá»¥ng tá»‘t. khÃ´ng biáº¿t chÆ¡i game nÃªn khÃ´ng thá»­ Ä‘Æ°á»£c hiá»‡u nÄƒng lÃºc chÆ¡i game. ráº¥t Ä‘á» cá»­ cho ai kinh táº¿ eo háº¹p.",,,,,,,,,,,,,
pin tuá»™t nhanh,,,,,,,,,,,,,
"nhÃ³m mÃ u sáº¯c: mÃ u ngáº«u nhiÃªn sáº£n pháº©m: cÃ¡p sáº¡c quÃ¡ ngon,mÃ¡y khÃ´ng quÃ¡ máº¯c tiá»n nhÆ°ng cháº¥t lÆ°á»£ng nháº­n Ä‘Æ°á»£c thÃ¬ qua tuyá»‡t, ngoáº¡i hÃ¬nh cÅ©ng Ä‘áº¹p, giao hÃ ng láº¡i nhiá»‡t tÃ¬nh nÃªn mÃ¬nh ráº¥t hÃ i lÃ²ng",,,,,,,,,,,,,
Ä‘Ãºng vá»›i mÃ´ táº£: Ä‘Ãºng mÃ´ táº£ cháº¥t lÆ°á»£ng sáº£n pháº©m: tá»‘t tÃ­nh nÄƒng ná»•i báº­t: mÃ u xÃ¡m ngoáº¡i hÃ¬nh Ä‘áº¹p 99%.giao hÃ ng nhanh. mÃ¡y nhá» gá»n 2 sim. pin kg sáº¡c vÃ o cÃ²n 7% sáº­p nguá»“n,,,,,,,,,,,,,
"tá»•ng thá»ƒ Ä‘áº¹p, cáº§m cÅ©ng tháº¥y náº·ng tay, chá»©c nÄƒng chá»¥p hÃ¬nh khÃ´ng Ä‘Æ°á»£c Ä‘áº¹p láº¯m, xem video cÅ©ng khÃ´ng quÃ¡ rÃµ nÃ©t, bÃ¹ láº¡i cáº¥u hÃ¬nh tá»‘t, chÆ¡i game mÆ°á»£t, cÃ¡i mua dÃ¹m nhá» em nÃ³ chá»‰ cÃ³ nhu cáº§u chÆ¡i game",,,,,,,,,,,,,
"Ä‘á»‰nh nha sÄƒn sale giÃ¡ ráº» láº¡i Ä‘Æ°á»£c gift lÃ  tai nghe bluetooth. khÃ´ng cÃ³ gÃ¬ Ä‘á»ƒ chÃª áº¡. Ä‘Ã³ng gÃ³i kÄ©, cáº©n tháº­n Ä‘áº§y Ä‘á»§ niÃªm phong.",,,,,,,,,,,,,
nhÃ³m mÃ u: Ä‘en cháº¥t lÆ°á»£ng sáº£n pháº©m tuyá»‡t vá»i cháº¥t lÆ°á»£ng sáº£n pháº©m tuyá»‡t vá»i cháº¥t lÆ°á»£ng sáº£n pháº©m tuyá»‡t vá»i,,,,,,,,,,,,,
"color: Ä‘en-2xl váº» ngoÃ i Ä‘Æ¡n giáº£n vÃ  Ä‘áº¹p trai,",,,,,,,,,,,,,
"tÃ¬nh tráº¡ng: 86% mÃ¡y zin mÃ u sáº¯c: vÃ ng Ä‘iá»‡n thoáº¡i cÃ³ hiá»‡n tÆ°á»£ng bá»‹ ngáº¥m nÆ°á»›c, vÃ  giáº­t mÃ n hÃ¬nh, khÃ´ng cháº¥p nháº­n sáº£n pháº©m nÃ y",,,,,,,,,,,,,
"nhÃ³m mÃ u: mÃ u xanh da trá»i mÃ¡y Ä‘áº§y Ä‘á»§ phá»¥ kiá»‡n nhÃ  ,bin trÃ¢u sÃ i thÃ­ch láº¯m",,,,,,,,,,,,,
cá»­a hÃ ng lá»Ÿ khÃ´ng xuáº¥t hoÃ¡ Ä‘Æ¡n cho khÃ¡ch. máº¥t thá»i giá»¥c 2 tuáº§n liá»n .,,,,,,,,,,,,,
"mÃ u sáº¯c: desert dung lÆ°á»£ng lÆ°u trá»¯: 256gb dá»‹ch vá»¥ khÃ¡ch hÃ ng xuáº¥t sáº¯c, mÃ n hÃ¬nh lá»›n vá»›i hiá»ƒn thá»‹ sá»‘ng Ä‘á»™ng, nhiá»u tÃ¹y chá»n mÃ u sáº¯c,",,,,,,,,,,,,,
"cháº¥t lÆ°á»£ng sáº£n pháº©m: hiá»‡u nÄƒng giáº£m khi báº­t nhiá»u widget/á»©ng dá»¥ng ná»n. Ä‘Ãºng vá»›i mÃ´ táº£: ram thá»±c táº¿ khÃ´ng nhÆ° pr. tÃ­nh nÄƒng ná»•i báº­t: multitasking tháº¥t vá»ng. review: Ä‘á»•i app lÃ  reload, mÃ¡y lag, pin tá»¥t, ship trá»…",,,,,,,,,,,,,
kháº£ nÄƒng lÆ°u trá»¯: 32gb nhÃ³m mÃ u: nhiá»u mÃ u mÃ¬nh ráº¥t thÃ­ch Ä‘iá»‡n thoáº¡i nÃ y nÃ³ ráº¥t Ä‘áº¹p vÃ  sÃ i ráº¥t bá»n vÃ  thoáº£i mÃ¡i,,,,,,,,,,,,,
"nhÃ³m mÃ u: xanh dung lÆ°á»£ng lÆ°u trá»¯ rá»™ng rÃ£i 128gb, tráº£i nghiá»‡m ngÆ°á»i sá»­ dá»¥ng mÆ°á»£t mÃ  vÃ  liá»n máº¡ch,",,,,,,,,,,,,,
Ä‘iá»‡n thoáº¡i láº¯p sms nhÆ°ng khÃ´ng gá»i Ä‘Æ°á»£c khÃ´ng cÃ³ láº§n sau mua cá»§a hÃ£ng nÃ y ná»¯a hÃ£y trÃ¡nh xa ra,,,,,,,,,,,,,
"khÃ´ng nháº­n sim Ä‘Ã´i nhÆ° mÃ´ táº£, chá»‰ 1 khe hoáº¡t Ä‘á»™ng. khÃ¡c vá»›i mÃ´ táº£ há»— trá»£ 2 sim. tÃ­nh nÄƒng e-sim khÃ´ng kÃ­ch hoáº¡t. hiá»‡u nÄƒng bÃ¬nh thÆ°á»ng nhÆ°ng pin vÃ  ship Ä‘á»u kÃ©m",,,,,,,,,,,,,
"cháº¥t lÆ°á»£ng sáº£n pháº©m: nÃºt báº¥m váº­t lÃ½ bá»‹ lÃºn vÃ  máº¥t Ä‘á»™ náº£y. Ä‘Ãºng vá»›i mÃ´ táº£: khÃ´ng. tÃ­nh nÄƒng ná»•i báº­t: khÃ´ng. review: nÃºt tÄƒng giáº£m Ã¢m lÆ°á»£ng giá» báº¥m ráº¥t sÆ°á»£ng, khÃ´ng cÃ²n kÃªu tÃ¡ch tÃ¡ch nhÆ° lÃºc má»›i mua, cáº£m giÃ¡c nhÆ° sáº¯p há»ng, cháº¥t lÆ°á»£ng pháº§n cá»©ng quÃ¡ tá»‡",,,,,,,,,,,,,
cháº¥t lÆ°á»£ng sáº£n pháº©m: mÃ n hÃ¬nh bá»‹ lá»—i hiá»ƒn thá»‹ khÃ´ng Ä‘á»“ng Ä‘á»u mÃ u khi cuá»™n nhanh. Ä‘Ãºng vá»›i mÃ´ táº£: cuá»™n mÆ°á»£t mÃ . tÃ­nh nÄƒng ná»•i báº­t: cuá»™n nhanh bá»‹ tháº¥y vá»‡t mÃ u. review: cuá»™n nhanh trang web bá»‹ tháº¥y vá»‡t mÃ u. pin kÃ©m hiá»‡u nÄƒng tá»‡. chÄƒm sÃ³c khÃ¡ch hÃ ng khÃ´ng há»— trá»£,,,,,,,,,,,,,
cháº¥t lÆ°á»£ng sáº£n pháº©m: tá»‘t tÃ­nh nÄƒng ná»•i báº­t: Ä‘Ãºng Ä‘Ãºng vá»›i mÃ´ táº£: Ä‘Ãºng sáº£n pháº©m ráº¥t ngon vá»›i táº§m giÃ¡ nÃ y ráº¥t hÃ i lÃ²ng. cá»­a hÃ ng bÃ¡n hÃ ng ráº¥t cháº¥t lÆ°á»£ng vÃ  Ä‘Ãºng nhÆ° nhá»¯ng gÃ¬ mÃ´ táº£ â¤,,,,,,,,,,,,,
cháº¥t lÆ°á»£ng sáº£n pháº©m: camera sau bá»‹ lá»—i máº¥t chi tiáº¿t á»Ÿ vÃ¹ng sÃ¡ng. Ä‘Ãºng vá»›i mÃ´ táº£: giá»¯ chi tiáº¿t cáº£ vÃ¹ng sÃ¡ng. tÃ­nh nÄƒng ná»•i báº­t: vÃ¹ng sÃ¡ng bá»‹ chÃ¡y vÃ  máº¥t chi tiáº¿t. review: chá»¥p ngoÃ i trá»i vÃ¹ng sÃ¡ng khÃ´ng giá»¯ Ä‘Æ°á»£c chi tiáº¿t. Ä‘Ã³ng gÃ³i sÆ¡ sÃ i thiáº¿u tem niÃªm phong. ship hÃ ng giao trá»…,,,,,,,,,,,,,
khÃ´ng má»Ÿ nguá»“n Ä‘iá»‡n thoáº¡i Ä‘Æ°á»£c lá»«a Ã ,,,,,,,,,,,,,
"cháº¥t lÆ°á»£ng sáº£n pháº©m: mic thu á»“n ná»n nhiá»u, cuá»™c gá»i khÃ´ng rÃµ. Ä‘Ãºng vá»›i mÃ´ táº£: ghi Ã¢m khÃ´ng nhÆ° quáº£ng cÃ¡o. tÃ­nh nÄƒng ná»•i báº­t: khÃ´ng cÃ³ khá»­ á»“n tá»‘t. review: gá»i video bá»‹ rÃ¨, pháº£i sá»­ dá»¥ng tai nghe, Ä‘Ã³ng gÃ³i má»ng, ship delayed, chÄƒm sÃ³c khÃ¡ch hÃ ng xá»­ lÃ½ lÃ¢u",,,,,,,,,,,,,
variation3: Ä‘en-2xl good.,,,,,,,,,,,,,
mÃ u sáº¯c: Ä‘en phÃ¢n loáº¡i: nguyÃªn seal +sáº¡c 18w tá»‘t,,,,,,,,,,,,,
"nhÆ° Ä‘á»“ 2nd khÃ´ng giá»‘ng quáº£ng cÃ¡o khÃ´ng cÃ³ gÃ¬ ná»•i báº­t, toÃ n lá»—i,",,,,,,,,,,,,,
Ä‘Ãºng hÃ ng nhÆ°ng cá»¥t sáº¡c bá»‹ lÃµi khÃ´ng sáº¡c Ä‘Æ°á»£c,,,,,,,,,,,,,
tÃ­nh nÄƒng ná»•i báº­t: chÆ°a biáº¿t cháº¥t lÆ°á»£ng sáº£n pháº©m: Ä‘Ã³ng gÃ³i tá»‘t Ä‘Ãºng vá»›i mÃ´ táº£: Ä‘Ãºng Ä‘á»ƒ sá»­ dá»¥ng lÃ¢u dÃ i má»›i biáº¿t,,,,,,,,,,,,,
Ä‘Ãºng vá»›i mÃ´ táº£: Ä‘Ãºng mÃ´ táº£ cháº¥t lÆ°á»£ng sáº£n pháº©m: sáº£n pháº©m cháº¥t lÆ°á»£ng tÃ­nh nÄƒng ná»•i báº­t: a06 5g cá»­a hÃ ng gá»­i hÃ ng nhanh vÃ  gÃ³i hÃ ng cáº©n tháº­n. Ä‘iá»‡n thoáº¡i samsung galaxy a06 mÆ°á»£t mÃ . shipper há»— trá»£ tá»‘t,,,,,,,,,,,,,
dáº£n pháº©m sá»­ dá»¥ng ngon trong táº§m giÃ¡ .,,,,,,,,,,,,,
"nhÃ³m mÃ u: xanh Ä‘Ã³ng gÃ³i cháº¯c cháº¯n,giao hÃ ng bÃªn lazada hÆ¡i lÃ¢u,sáº½ á»§ng há»™ nhiá»u nhiá»u",,,,,,,,,,,,,
"sáº£n pháº©m cháº¥t lÆ°á»£ng tá»‘t, giÃ¡ cáº£ phÃ¹ há»£p, giao hÃ ng bhanh, Ä‘Ã³ng gÃ³i cáº©n tháº­n, cá»­a hÃ ng uy tÃ­n, sáº½ á»§ng há»™ láº§n sau",,,,,,,,,,,,,
"á»m... nÃ y lÃ  láº§n thá»© 2 Ä‘áº·t sáº£n pháº©m cá»§a cá»­a hÃ ng rá»“i hÃ ng hÃ³a Ä‘Ã³ng gÃ³i tá»‘t, Ä‘iá»‡n thoáº¡i má»›i nguyÃªn seal",,,,,,,,,,,,,
Cháº¥t lÆ°á»£ng sáº£n pháº©m: mÃ u áº£nh bá»‹ sai lá»‡ch. ÄÃºng vá»›i mÃ´ táº£: ko chÃ¢n thá»±c. TÃ­nh nÄƒng ná»•i báº­t: camera xá»­ lÃ­ mÃ u kÃ©m. camera tele chá»¥p ko rÃµ nÃ©t. mÃ¡y nÃ³ng khi dÃ¹ng liÃªn tá»¥c. cskh ko há»“i Ä‘Ã¡p email,,,,,,,,,,,,,
"nhÃ³m mÃ u: mÃ u xanh lÃ¡ cÃ¢y dung lÆ°á»£ng lÆ°u trá»¯: 128gb thiáº¿t káº¿ mÆ°á»£t mÃ , ráº¥t Æ°ng!, giao hÃ ng nhanh chÃ³ng vÃ  an toÃ n.,",,,,,,,,,,,,,
"cháº¥t lÆ°á»£ng sáº£n pháº©m: mÃ¡y nÃ³ng khi lÆ°á»›t web 4g. Ä‘Ãºng vá»›i mÃ´ táº£: quáº£ng cÃ¡o báº£o mÃ¡t nhÆ°ng thá»±c táº¿ nÃ³ng ran. tÃ­nh nÄƒng ná»•i báº­t: cam selfie Ã¡m vÃ ng. review: lÆ°á»›t web 10p nÃ³ng tay, selfie Ã¡m mÃ u, pin tá»¥t 40% sau 2h, há»™p khÃ´ng Ä‘á»‡m, giao muá»™n",,,,,,,,,,,,,
"cháº¥t lÆ°á»£ng sáº£n pháº©m: pin bÃ¡o % nháº£y loáº¡n rá»“i sáº­p nguá»“n. Ä‘Ãºng vá»›i mÃ´ táº£: quáº£n lÃ½ pin tá»‡. tÃ­nh nÄƒng ná»•i báº­t: khÃ´ng á»•n Ä‘á»‹nh. review: 30% bá»—ng thÃ nh 2% rá»“i táº¯t, máº¥t cÃ´ng. ship cháº­m, báº£o hÃ nh rÆ°á»m rÃ ",,,,,,,,,,,,,
cháº¥t lÆ°á»£ng sáº£n pháº©m: camera trÆ°á»›c khÃ´ng cÃ³ cháº¿ Ä‘á»™ lÃ m Ä‘áº¹p tá»± nhiÃªn. Ä‘Ãºng vá»›i mÃ´ táº£: lÃ m Ä‘áº¹p ai thÃ´ng minh. tÃ­nh nÄƒng ná»•i báº­t: lÃ m Ä‘áº¹p quÃ¡ lá»‘ khÃ´ng táº¯t Ä‘Æ°á»£c háº¿t. review: da máº·t bá»‹ lÃ m má»‹n giáº£ táº¡o ráº¥t ghÃ©t. chÄƒm sÃ³c khÃ¡ch hÃ ng khÃ´ng cÃ³ thÃ´ng tin vá» tÃ­nh nÄƒng camera,,,,,,,,,,,,,
hÃ ng Ä‘Ã³ng gÃ³i cháº¥t lÆ°á»£ng cÃ³ tem niÃªm phong giao táº§m khoáº£ng má»™t tuáº§n mÃ¬nh mua luÃ´n cáº£ hai cÃ¡i tÃ­m vÃ  xanh ï¿¼,,,,,,,,,,,,,
"cháº¥t lÆ°á»£ng sáº£n pháº©m: selfie vÃ  camera sau Ä‘á»u xá»­ lÃ½ mÃ u quÃ¡ tay. Ä‘Ãºng vá»›i mÃ´ táº£: áº£nh quáº£ng cÃ¡o áº£o. tÃ­nh nÄƒng ná»•i báº­t: filter náº·ng. review: áº£nh nhÃ¬n giáº£, máº¥t chi tiáº¿t, chÄƒm sÃ³c khÃ¡ch hÃ ng khÃ´ng giáº£i quyáº¿t",,,,,,,,,,,,,
"cháº¥t lÆ°á»£ng sáº£n pháº©m: loa bá»‹ rÃ¨ Ã¢m trung. Ä‘Ãºng vá»›i mÃ´ táº£: Ã¢m thanh tá»‡. tÃ­nh nÄƒng ná»•i báº­t: vá» kÃ­nh dá»… vá»¡. review: nghe nháº¡c bá»‹ Ä‘á»¥c tiáº¿ng, máº·t lÆ°ng kÃ­nh ná»©t, Ä‘Ã³ng gÃ³i khÃ´ng cÃ³ xá»‘p",,,,,,,,,,,,,
"giao hÃ ng hÆ¡i lÃ¢u, mÃ¡y lÆ°á»›t hÆ¡i cháº­m khÃ´ng nháº¡y láº¯m",,,,,,,,,,,,,
"nhÃ³m mÃ u: natural dung lÆ°á»£ng lÆ°u trá»¯: 256gb ğŸ“¸cháº¥t lÆ°á»£ng camera:tuá»•i thá» pin lÃ¢u dÃ i, dá»‹ch vá»¥ khÃ¡ch hÃ ng xuáº¥t sáº¯c, thiáº¿t káº¿ mÆ°á»£t mÃ  vÃ  phong cÃ¡ch, bá»™ xá»­ lÃ½ máº¡nh máº½ vÃ  nhanh chÃ³ng,",,,,,,,,,,,,,
"cháº¥t lÆ°á»£ng sáº£n pháº©m: mÃ n hÃ¬nh bÃ³ng nhÆ°ng Ä‘á»™ sÃ¡ng tháº¥p ngoÃ i trá»i. Ä‘Ãºng vá»›i mÃ´ táº£: hiá»ƒn thá»‹ khÃ´ng nhÆ° promo. tÃ­nh nÄƒng ná»•i báº­t: auto-brightness nháº¡y kÃ©m. review: nhÃ¬n ngoÃ i náº¯ng ráº¥t má», mÃ u nháº¡t, cuá»™n web bá»‹ ghosting, pin & cam táº¡m, Ä‘Ã³ng gÃ³i sÆ¡, ship trá»…",,,,,,,,,,,,,
ngon hÆ¡n háº³n so sÃ¡nh thÃ¬ so sÃ¡nh lÃ m cÃ¡i nÃ y thÃ¬ cÃ³ láº½ lÃ  má»™t ngÆ°á»i máº«u nÃ y lÃ  cá»§a ai cáº£ Ä‘Ã¢u mÃ  nÃ³i,,,,,,,,,,,,,
"máº·t kÃ­nh dá»… xÆ°á»›c sai cáº¥u hÃ¬nh Ã¢m thanh nhá»,",,,,,,,,,,,,,
"cháº¥t lÆ°á»£ng sáº£n pháº©m: khe sim/cá»•ng tháº» lá»ng, tiáº¿p xÃºc kÃ©m. Ä‘Ãºng vá»›i mÃ´ táº£: láº¯p sim dá»… nhÆ°ng khÃ´ng cháº¯c. tÃ­nh nÄƒng ná»•i báº­t: sim máº¥t sÃ³ng khi di chuyá»ƒn. review: sim hay rá»›t tÃ­n hiá»‡u, pháº£i thÃ¡o láº¯p láº¡i, máº¥t sÃ³ng giá»¯a chá»«ng, báº£o hÃ nh máº¥t thá»i gian, chÄƒm sÃ³c khÃ¡ch hÃ ng báº¯t giáº¥y tá» nhiá»u",,,,,,,,,,,,,
"cháº¥t lÆ°á»£ng sáº£n pháº©m: camera selfie lÃ m má»‹n quÃ¡ Ä‘Ã , máº¥t texture. Ä‘Ãºng vá»›i mÃ´ táº£: áº£nh quáº£ng cÃ¡o khÃ¡c tháº­t. tÃ­nh nÄƒng ná»•i báº­t: beauty mode quÃ¡ tay. review: selfie nhÆ° filter áº£o, mÃ u da lá»‡ch, pin & hiá»‡u nÄƒng bÃ¬nh thÆ°á»ng, há»™p khÃ´ng báº£o vá»‡ tá»‘t, ship muá»™n",,,,,,,,,,,,,
tuyá»‡t vá»i trong táº§m giÃ¡ cá»­a hÃ ng giao Ä‘áº§y Ä‘á»§ phá»¥ kiá»‡n cho cá»­a hÃ ng 5s,,,,,,,,,,,,,
tÃ­nh nÄƒng ná»•i báº­t: tá»‘t cháº¥t lÆ°á»£ng sáº£n pháº©m: tá»‘t cÃ³ cháº¥m dá»‹ váº­t á»Ÿ cá»¥m camera,,,,,,,,,,,,,
"mÃ¡y sá»­ dá»¥ng á»•n, app rÃ¡c vá»›i quáº£ng cÃ¡o Ã­t. thÃ´ng bÃ¡o thÃ¬ khÃ´ng bao giá» tháº¥y mÃ¡y bÃ¡o email, cÃ¡c app khÃ¡c thÃ¬ thÃ´ng bÃ¡o bÃ¬nh thÆ°á»ng hÆ¡i delay tÃ­ thÃ´i. cam chá»¥p Ä‘á»§ sá»­ dá»¥ng. khÃ´ng chÆ¡i game máº¥y nÃªn khÃ´ng rÃµ hiá»‡u nÄƒng sao.",,,,,,,,,,,,,
phiÃªn báº£n: má»¹ 2 sim 128gb sáº£n pháº©m uk,,,,,,,,,,,,,
"cháº¥t lÆ°á»£ng sáº£n pháº©m: gps báº¯t sÃ³ng khÃ´ng á»•n Ä‘á»‹nh. Ä‘Ãºng vá»›i mÃ´ táº£: Ä‘á»‹nh vá»‹ sai so vá»›i mÃ´ táº£. tÃ­nh nÄƒng ná»•i báº­t: Ä‘á»‹nh vá»‹ báº­t táº¯t lung tung. review: app báº£n Ä‘á»“ lá»‡ch toáº¡ Ä‘á»™, hiá»‡u nÄƒng bÃ¬nh thÆ°á»ng, pin tá»¥t khi báº­t gps, Ä‘Ã³ng gÃ³i sÆ¡",,,,,,,,,,,,,
mua 2 cÃ¡i cá»§a cá»­a hÃ ng rá»“i. váº«n cá»© lÃ  mÃ£i Ä‘á»‰nh,,,,,,,,,,,,,
"nhÃ³m mÃ u: xanh tráº£i nghiá»‡m ngÆ°á»i sá»­ dá»¥ng mÆ°á»£t mÃ  vÃ  liá»n máº¡ch, tuá»•i thá» pin lÃ¢u dÃ i, mÃ n hÃ¬nh sá»‘ng Ä‘á»™ng vá»›i Ä‘á»™ phÃ¢n giáº£i full hd+, thiáº¿t káº¿ mÆ°á»£t mÃ  vÃ  phong cÃ¡ch,",,,,,,,,,,,,,
cháº¥t lÆ°á»£ng sáº£n pháº©m: loa cÃ³ tiáº¿ng rÃ¨ Ä‘Ãºng vá»›i mÃ´ táº£: Ã¢m thanh khÃ´ng trong tráº»o tÃ­nh nÄƒng ná»•i báº­t: volume tháº¥p review: nghe nháº¡c khÃ´ng Ä‘áº¡t yÃªu cáº§u,,,,,,,,,,,,,
"xinh láº¯mmmm luÃ´nnnnn bÃ© xÃ­u Ã  mÃ  Ä‘Ã¡ng tiá»n Ä‘Ã³, má»—i tá»™i sá»­ dá»¥ng lÃ¢u tÃ­ nÃ³ lag vÃ  nÃ³ng mÃ¡y luÃ´n, cá»­a hÃ ng tÆ° váº¥n ráº¥t ráº¥t nhiá»‡t tÃ¬nh nhÃ©!",,,,,,,,,,,,,
"cháº¥t lÆ°á»£ng sáº£n pháº©m: face id khÃ´ng nháº­n ban Ä‘Ãªm. Ä‘Ãºng vá»›i mÃ´ táº£: báº£o máº­t kÃ©m. tÃ­nh nÄƒng ná»•i báº­t: pin xuá»‘ng nhanh. review: tá»‘i khÃ´ng má»Ÿ khÃ³a Ä‘Æ°á»£c, pin tá»¥t 50% sau 2h, mÃ¡y nÃ³ng khi gá»i",,,,,,,,,,,,,
mÃ u mÃ¡y: mÃ u Ä‘en sáº£n pháº©m: samsung a10 2/16gb khÃ´ng gan sim Ä‘Æ°á»£c,,,,,,,,,,,,,
hÃ ng vá»«a tiá»n thÃ¬ khÃ´ng thá»ƒ báº±ng flapship Ä‘Æ°á»£c. chÆ¡i game efootball mÃ  khÃ´ng Ä‘Æ°á»£c thÃ¬ chÃ¡n tháº­t sá»±...,,,,,,,,,,,,,
sáº£n pháº©m cháº¥t lÆ°á»£ng Ä‘Ã³ng gÃ³i cáº©n tháº­n,,,,,,,,,,,,,
mua vá» Ä‘Æ°á»£c vÃ i hÃ´m bá»‹ hÆ° mÃ n hÃ¬nh kÃªu cá»­a hÃ ng tráº£ láº¡i chá»‘t khÃ´ng cÃ³ há»“i Ã¢m gÃ¬ háº¿t hÃ ng kÃ©m cháº¥t lÆ°á»£ng mua vá» pháº£i Ä‘i thay háº¿t tá»‘n 500.000Ä‘,,,,,,,,,,,,,
"sáº£n pháº©m lá»—i cáº£m á»©ng cháº­m pin Ä‘Ã£ thay mÃ¡y khÃ´ng chÆ¡i Ä‘Æ°á»£c game vÃ o xong láº¡i thoÃ¡t ra , mÃ¬nh nghÄ© ai mua thÃ¬ nÃªn cÃ¢n nháº¯c nhiá»u hÆ¡n",,,,,,,,,,,,,
"nhÃ³m mÃ u: mÃ u Ä‘en cá»­a hÃ ng cháº¥t lÆ°á»£ng ,uy tÃ­nh",,,,,,,,,,,,,
"khe sim lá»ng há»— trá»£ 2 sim nhÆ°ng khÃ´ng máº¥t sÃ³ng, rá»›t cuá»™c gá»i,",,,,,,,,,,,,,
"cháº¥t lÆ°á»£ng sáº£n pháº©m: camera má», Ã¡nh sÃ¡ng yáº¿u. Ä‘Ãºng vá»›i mÃ´ táº£: áº£nh khÃ´ng giá»‘ng quáº£ng cÃ¡o. tÃ­nh nÄƒng ná»•i báº­t: hiá»‡u nÄƒng kÃ©m. review: camera chá»¥p Ä‘Ãªm vÃ´ dá»¥ng, mÃ u nháº¡t. mÃ¡y cháº¡y cháº­m, hay lag. ship cháº­m, há»™p báº¹p. chÄƒm sÃ³c khÃ¡ch hÃ ng khÃ´ng há»— trá»£ tá»‘t",,,,,,,,,,,,,
"nhÃ³m mÃ u: desert dung lÆ°á»£ng lÆ°u trá»¯: 256gb tuá»•i thá» pin lÃ¢u dÃ i, tráº£i nghiá»‡m ngÆ°á»i sá»­ dá»¥ng mÆ°á»£t mÃ  vÃ  liá»n máº¡ch, xÃ¢y dá»±ng cháº¥t lÆ°á»£ng cao,",,,,,,,,,,,,,
mÃ u sáº¯c: Ä‘en phÃ¢n loáº¡i: nguyÃªn seal +sáº¡c 18w Ä‘Æ°á»£c táº·ng sáº¡c mÃ  giÃ¡ cÃ²n ráº». nÃªn mua mha anh em,,,,,,,,,,,,,
"Ä‘Ã£ sá»­ dá»¥ng Ä‘Æ°á»£c 8 ngÃ y rá»“i, sau khi check cÃ¡c kiá»ƒu thÃ¬ tháº¥y mÃ¡y Ä‘Ãºng vá»›i mÃ´ táº£ , mÃ¡y cÃ²n ráº¥t má»›i má»i thá»© Ä‘á»u tá»‘t, quay video mÃ¡y thu Ã¢m ráº¥t rÃµ nÃ©t , hÆ¡n 6tr cháº£ chÃª vÃ o Ä‘Ã¢u Ä‘Æ°á»£c... mua vá» lÃ m quay vlog sau nÃ y cÃ³ tiá»n sáº½ quay láº¡i cá»­a hÃ ng nÃ¢ng cáº¥p áº»m khÃ¡c .. thankiu cá»­a hÃ ng !!!!",,,,,,,,,,,,,
"nhÃ³m mÃ u: Ä‘en thiáº¿t káº¿ mÆ°á»£t mÃ  vÃ  phong cÃ¡ch, mÃ n hÃ¬nh sá»‘ng Ä‘á»™ng vá»›i Ä‘á»™ phÃ¢n giáº£i full hd+, tráº£i nghiá»‡m ngÆ°á»i sá»­ dá»¥ng mÆ°á»£t mÃ  vÃ  liá»n máº¡ch,",,,,,,,,,,,,,
"khÃ¡ tá»‘t tuy nhiÃªn quay video, nghe nháº¡c pháº£i láº¯p tháº» nhá»›! cho 3 sao vÃ¬ pháº£i cÃ³ tháº» nhá»›! ráº¥t lÃ  báº¥t tiá»‡n. thÃ´i khÃ´ng review tiktok ná»¯a. mua quÃ  táº·ng cÃ¡c chÃ¡u cÅ©ng Ä‘Æ°á»£c ğŸ¤£ bá»n nÃ³ khÃ´ng nghe nháº¡c hay sá»­ dá»¥ng máº¡ng gÃ¬ cáº£ tá»‘t.",,,,,,,,,,,,,
"cháº¥t lÆ°á»£ng sáº£n pháº©m: dá»‹ch vá»¥ háº­u mÃ£i cháº­m, chÄƒm sÃ³c khÃ¡ch hÃ ng thiáº¿u trÃ¡ch nhiá»‡m. Ä‘Ãºng vá»›i mÃ´ táº£: báº£o hÃ nh mÆ¡ há»“. tÃ­nh nÄƒng ná»•i báº­t: support yáº¿u. review: gá»­i ticket mÃ  im, gá»i thÃ¬ háº¹n, tá»± tráº£ phÃ­ gá»­i sá»­a, váº«n chÆ°a xong",,,,,,,,,,,,,
"Ä‘iá»‡n thoáº¡i samsung a6+ Ä‘áº·t mua Ä‘Ã£ nháº­n Ä‘Ãºng sáº£n pháº©m vÃ  Ä‘áº§y Ä‘á»§ phá»¥ kiá»‡n sáº¡c, cÃ²n nguyÃªn gÃ³i. máº«u Ä‘áº¹p, sá»­ dá»¥ng cháº¥t lÆ°á»£ng tá»‘t. cÃ¡m Æ¡n cá»­a hÃ ng.",,,,,,,,,,,,,
"nhÃ³m mÃ u: desert dung lÆ°á»£ng lÆ°u trá»¯: 256gb giao hÃ ng nhanh chÃ³ng vÃ  hiá»‡u quáº£, mÃ n hÃ¬nh lá»›n vá»›i hiá»ƒn thá»‹ sá»‘ng Ä‘á»™ng, bá»™ xá»­ lÃ½ máº¡nh máº½ vÃ  nhanh chÃ³ng,",,,,,,,,,,,,,
"Ä‘Ã£ giao hÃ ng, , Ä‘Ãºng mÃ´ táº£ cháº¥t lÆ°á»£ng sáº½ bÃ¡o sau nhÆ°ng cÃ³ thá»ƒ lÃ  ráº¥t tá»‘t",,,,,,,,,,,,,
Ä‘Ãºng vá»›i mÃ´ táº£: tá»‘t cháº¥t lÆ°á»£ng sáº£n pháº©m: tá»‘t tÃ­nh nÄƒng ná»•i báº­t: chÆ°a biáº¿t cá»­a hÃ ng Ä‘Ã³ng gÃ³i ká»¹ giao hÃ ng nhanh chÃ³ng sáº£n pháº©m Ä‘áº¹p,,,,,,,,,,,,,
cháº¥t lÆ°á»£ng sáº£n pháº©m: mÃ n hÃ¬nh bá»‹ lá»—i Ã¡nh sÃ¡ng tá»‘i Ä‘a khÃ´ng tá»± Ä‘á»™ng. Ä‘Ãºng vá»›i mÃ´ táº£: tá»± Ä‘á»™ng Ä‘iá»u chá»‰nh Ã¡nh sÃ¡ng. tÃ­nh nÄƒng ná»•i báº­t: ra náº¯ng mÃ n hÃ¬nh khÃ´ng tá»± sÃ¡ng. review: mÃ n hÃ¬nh khÃ´ng tá»± sÃ¡ng lÃªn khi ra náº¯ng. hiá»‡u nÄƒng khÃ´ng á»•n Ä‘á»‹nh. chÄƒm sÃ³c khÃ¡ch hÃ ng khÃ´ng há»— trá»£,,,,,,,,,,,,,
"nhÃ³m mÃ u: Ä‘en mÃ n hÃ¬nh sá»‘ng Ä‘á»™ng vá»›i Ä‘á»™ phÃ¢n giáº£i full hd+, tráº£i nghiá»‡m ngÆ°á»i sá»­ dá»¥ng mÆ°á»£t mÃ  vÃ  liá»n máº¡ch, bá»™ xá»­ lÃ½ helio g85 máº¡nh máº½,",,,,,,,,,,,,,
hÃ¬nh thá»©c thÃ¬ tá»‘t. ráº¥t tiáº¿c sau khi test thÃ¬ nÃ³ cÃ³ váº¥n Ä‘á». vÃ¢n tay lÃºc Ä‘Æ°á»£c lÃºc khÃ´ng. sáº¡c pin cáº£ Ä‘Ãªm má»›i vÃ o Ä‘Æ°á»£c tÃ½ Ä‘iá»‡n.,,,,,,,,,,,,,
"nhÃ³m mÃ u: Ä‘en cháº¥t lÆ°á»£ng:thiáº¿t káº¿ mÆ°á»£t mÃ  vÃ  phong cÃ¡ch, 4cháº¥t lÆ°á»£ng mÃ¡y áº£nh tuyá»‡t vá»i Ä‘á»ƒ chá»¥p láº¡i khoáº£nh kháº¯c, thiáº¿t káº¿ mÆ°á»£t mÃ  vÃ  phong cÃ¡ch, cháº¥t lÆ°á»£ng mÃ¡y áº£nh tuyá»‡t vá»i Ä‘á»ƒ chá»¥p láº¡i khoáº£nh kháº¯c,",,,,,,,,,,,,,
"tÃ­nh nÄƒng ná»•i báº­t: ram, bá»™ nhá»› cao. cháº¥t lÆ°á»£ng sáº£n pháº©m: Ä‘áº¹p. Ä‘Ãºng vá»›i mÃ´ táº£: Ä‘Ãºng mÃ´ táº£. Ä‘Ã³ng gÃ³i cháº¯c cháº¯n, mÃ¡y Ä‘áº¹p, Ä‘áº§y Ä‘á»§ phá»¥ kiá»‡n.",,,,,,,,,,,,,
"variation3: ram 6/128gb hÃ ng ráº¥t Ä‘áº¹p nhÃ© má»i ngÆ°á»i. cá»­a hÃ ng uy tÃ­nh, Ä‘Ã³ng gÃ³i ráº¥t cáº©n tháº­n.",,,,,,,,,,,,,
"mÃ u sáº¯c: mÃ u ngáº«u nhiÃªn sáº£n pháº©m: cÃ¡p sáº¡c giÃ¡ ráº», khÃ´ng Ä‘Ã²i há»i thÃªm, táº·ng cá»­a hÃ ng 5 sao",,,,,,,,,,,,,
mÃ u mÃ¡y: mÃ u Ä‘en sáº£n pháº©m: samsung a50s 4/64gb mÃ¬nh Ä‘Ã£ nháº­n mÃ¡y rá»“i nha cá»­a hÃ ng yÃªu Æ¡i mÃ¡y cÃ²n ráº¥t lÃ  má»›i cá»©ng cÃ¡p full má»i chá»©c nÄƒng nha mÃ¬nh Ä‘Ã£ test qua thÃ¬ tá»‘t láº¯m chá»¥p hÃ¬nh coi phim nghe nháº¡c rÃµ nÃ©t láº¯m giÃ¡ cáº£ thÃ¬ cÅ©ng vá»«a tÃºi tiá»n nÃ³i chung khÃ´ng mong hÆ¡n gÃ¬ Ä‘Æ°á»£c ná»¯a vá»›i táº§m giÃ¡ nhÆ° tháº¿ nÃ y mÃ  cÃ³ Ä‘Æ°á»£c chiáº¿c Ä‘iá»‡n thoáº¡i sá»­ dá»¥ng tá»‘t thÃ¬ khÃ´ng Ä‘Ã²i há»i gÃ¬ hÆ¡n Ä‘Æ°á»£c ná»¯a sáº½ mua vÃ  á»§ng há»™ cá»­a hÃ ng thÃªm cÃ¡i ná»¯a nha,,,,,,,,,,,,,
"Ä‘Ã³ng gÃ³i cháº¯c cháº¯n, giao hÃ ng nhanh, sáº½ sá»­ dá»¥ng thá»­ cáº£m nháº­n",,,,,,,,,,,,,
Ä‘Ãºng vá»›i mÃ´ táº£: khÃ´ng giong dang hang xanh nhac ma giao mau hong nhac pin nhanh het,,,,,,,,,,,,,
"cháº¥t lÆ°á»£ng sáº£n pháº©m: camera macro khÃ´ng láº¥y nÃ©t Ä‘Æ°á»£c. Ä‘Ãºng vá»›i mÃ´ táº£: pin chá»‰ sá»­ dá»¥ng Ä‘Æ°á»£c vÃ i tiáº¿ng. tÃ­nh nÄƒng ná»•i báº­t: hiá»‡u nÄƒng hay bá»‹ khá»±ng khi chuyá»ƒn Ä‘á»•i á»©ng dá»¥ng. review: camera macro vÃ´ dá»¥ng. pin quÃ¡ yáº¿u. hiá»‡u nÄƒng giáº­t cá»¥c. chÄƒm sÃ³c khÃ¡ch hÃ ng khÃ´ng giáº£i quyáº¿t khiáº¿u náº¡i, chá»‰ Ä‘á»• lá»—i",,,,,,,,,,,,,
"nhÃ³m mÃ u: yellow dung lÆ°á»£ng lÆ°u trá»¯: 128gb thiáº¿t káº¿ Ä‘áº¹p máº¯t, tÃ­nh nÄƒng sáº¡c nhanh, cháº¥t lÆ°á»£ng camera áº¥n tÆ°á»£ng, cÃ¡c tÃ­nh nÄƒng Ä‘á»•i má»›i, giÃ¡ trá»‹ tuyá»‡t vá»i cho sá»‘ tiá»n,",,,,,,,,,,,,,
"máº§u: xanh iceblue bá»™ nhá»›: 256gb-12gb káº¿t ná»‘i 5g nhanh chÃ³ng, káº¿t ná»‘i 5g nhanh chÃ³ng, mÃ u xanh háº£i quÃ¢n bÃ³ng báº©y,",,,,,,,,,,,,,
"cháº¥t lÆ°á»£ng sáº£n pháº©m: cáº£m á»©ng Ä‘Ã´i lÃºc khÃ´ng nháº¡y. Ä‘Ãºng vá»›i mÃ´ táº£: mÃ n má»‹n nhÆ° quáº£ng cÃ¡o nhÆ°ng thá»±c táº¿ kÃ©m. tÃ­nh nÄƒng ná»•i báº­t: autofocus cháº­m khi chá»¥p chuyá»ƒn Ä‘á»™ng. review: vuá»‘t hay trÆ°á»£t bá»‹ Ä‘á»©ng, chá»¥p con nÃ­t cháº¡y thÃ¬ out nÃ©t, pin sá»¥t khi sá»­ dá»¥ng 4g, há»™p mÃ³p, giao trá»…",,,,,,,,,,,,,
hÆ° pin  cho anh biáº¿t rá»“i nÃ¨ anh cÃ³ Ä‘i Ã½ nghÄ©a lÃ  sao váº­y anh cÃ³ Ä‘i lÃ m vá» má»‡t láº¯m rá»“i khÃ´ng sao anh khÃ´ng sao,,,,,,,,,,,,,
cháº¥t lÆ°á»£ng sáº£n pháº©m: camera selfie tá»‡ háº¡i. Ä‘Ãºng vá»›i mÃ´ táº£: khÃ¡c selfie quáº£ng cÃ¡o. tÃ­nh nÄƒng ná»•i báº­t: pin yáº¿u. review: selfie má»‹n giáº£ máº¥t nÃ©t. pin háº¿t nhanh chá»¥p áº£nh. ship trá»… Ä‘Ã³ng gÃ³i cáº©u tháº£,,,,,,,,,,,,,
"cskh ko tráº£ lá»i tin nháº¯n. há»— trá»£ kÃ©m. dá»‹ch vá»¥ tá»‡. nháº¯n tin há»i mÃ  ko tháº¥y tráº£ lá»i, gá»i Ä‘iá»‡n thÃ¬ pháº£i chá» lÃ¢u. hiá»‡u nÄƒng thÃ¬ táº¡m á»•n. pin ko ná»•i báº­t",,,,,,,,,,,,,
nhÃ³m mÃ u: xanh than hÃ ng nháº­n Ä‘áº¹p ráº¥t Æ°ng Ã½. cÃ¡c nÃºt phÃ­m dá»… sá»­ dá»¥ng mÃ n hÃ¬nh sÃ¡ng loa to. ráº¥t cáº£m Æ¡n cá»­a hÃ ng,,,,,,,,,,,,,
váº¿t tráº§y ngay cam khÃ´ng hÃ i lÃ²ng láº¯m mÃ¡y táº§m 96 97%,,,,,,,,,,,,,
"Ä‘Ãºng vá»›i mÃ´ táº£: tá»‘t cháº¥t lÆ°á»£ng sáº£n pháº©m: fine á»‘p nhÃ¬n á»•n, cáº§m náº¯m ráº¥t cháº¯c vÃ  vá»«a tay, khÃ´ng gÃ¢y trÆ¡n trÆ°á»£t khi cáº§m Ä‘iÃªn thoáº¡i, khÃ´ng biáº¿t sá»­ dá»¥ng bao lÃ¢u thÃ¬ bá»‹ á»‘ vÃ ng máº·t lÆ°ng hoáº·c tráº§y xÆ°á»›c máº·t lÆ°ng thÃ´i",,,,,,,,,,,,,
"nhÃ³m mÃ u: Ä‘en tÃ­nh nÄƒng:bÃ¬nh thÆ°á»ng. cháº¥t lÆ°á»£ng:á»•n trong táº§m giÃ¡. cháº¥t liá»‡u:Ä‘iá»‡n thoáº¡i. Ä‘iá»‡n thoáº¡i hiá»‡n táº¡i cháº¡y á»•n Ä‘á»‹nh, cá»­a hÃ ng táº·ng kÃ¨m á»‘p lÆ°ng, miáº¿n dÃ¡n mÃ n hÃ¬nh. máº·t sau Ä‘iá»‡n thoáº¡i tráº§y xÆ°á»›c nhiá»u nhÆ°ng khÃ´ng quan trá»ng. hÃ i lÃ²ng, táº·ng cá»­a hÃ ng 5 sao.",,,,,,,,,,,,,
"mÃ¡y ráº», giÃ¡ chá»‰ báº±ng con Ä‘iá»‡n thoáº¡i cá»¥c gáº¡ch cÆ¡ báº£n, mÃ  Ä‘áº§y Ä‘á»§ chá»©c nÄƒng wifi,3g, 4g,gps,bluetooth, facebook, zalo youtube,... nghe gá»i ráº¥t tá»‘t, chÆ¡i game cÅ©ng ngon, mÃ¡y cÃ³ Ä‘Ã¨n pin pháº£i gá»i lÃ  siÃªu sÃ¡ng, cá»­a hÃ ng cÃ³ nháº¯c mÃ¬nh lÃ m theo hÆ°á»›ng dáº«n cá»§a cá»­a hÃ ng, mÃ¡y mÆ°á»£t láº¯m, sá»­ dá»¥ng nhanh, nháº¡y, cáº£m Æ¡n nhiá»u",,,,,,,,,,,,,
"nhÃ³m mÃ u: Ä‘en cháº¥t lÆ°á»£ng mÃ¡y áº£nh tuyá»‡t vá»i Ä‘á»ƒ chá»¥p láº¡i khoáº£nh kháº¯c, thiáº¿t káº¿ mÆ°á»£t mÃ  vÃ  phong cÃ¡ch, bá»™ xá»­ lÃ½ helio g85 máº¡nh máº½,",,,,,,,,,,,,,
thá»i gian giao hÃ ng nhanh .... sáº£n pháº©m tá»‘t Ä‘Ã³ng gÃ³i cáº©n tháº­n...,,,,,,,,,,,,,
cháº¥t lÆ°á»£ng sáº£n pháº©m: camera quay video cÃ³ tiáº¿ng vÃ  hÃ¬nh khÃ´ng khá»›p nhau. Ä‘Ãºng vá»›i mÃ´ táº£: pin Ä‘á»ƒ khÃ´ng cÅ©ng tá»± háº¿t. tÃ­nh nÄƒng ná»•i báº­t: hiá»‡u nÄƒng chá»‰ Ä‘á»§ sá»­ dá»¥ng cÃ¡c tÃ¡c vá»¥ nháº¹. review: quay phim mÃ  tiáº¿ng Ä‘i trÆ°á»›c hÃ¬nh. pin chá» quÃ¡ tá»‡. hiá»‡u nÄƒng yáº¿u. há»™p hÃ ng lÃºc nháº­n Ä‘Ã£ bá»‹ rÃ¡ch,,,,,,,,,,,,,
nhÃ³m mÃ u: vÃ ng dung lÆ°á»£ng lÆ°u trá»¯: 128gb giÃ¡ Æ°u Ä‘Ã£i thÆ°Æ¡ng hiá»‡u uy tÃ­n,,,,,,,,,,,,,
Ä‘iá»‡n thoáº¡i sá»­ dá»¥ng khÃ¡ ngon nhÆ°ng sá»­ dá»¥ng Ä‘Æ°á»£c 5p lÃ  sáº­p nguá»“n nÃªn Ä‘Ã¡nh giÃ¡ 4sao,,,,,,,,,,,,,
quay video giáº­t. quay mÆ°á»£t 4k chá»‰ lÃ  quáº£ng cÃ¡o. chá»‘ng rung kÃ©m vÃ i phÃºt lÃ  nÃ³ng mÃ¡y,,,,,,,,,,,,,
"nhÃ³m mÃ u: Ä‘en ğŸ”‹thá»i lÆ°á»£ng pin:thiáº¿t káº¿ mÆ°á»£t mÃ  vÃ  phong cÃ¡ch, ğŸ“¸cháº¥t lÆ°á»£ng camera:tuá»•i thá» pin lÃ¢u dÃ i, âš¡hiá»‡u suáº¥t:bá»™ xá»­ lÃ½ helio g85 máº¡nh máº½,",,,,,,,,,,,,,
hiá»‡u nÄƒng giáº­t khi scroll web pin chá»‰ trá»¥ 4h xem phim chÄƒm sÃ³c khÃ¡ch hÃ ng thÃ¡i Ä‘á»™ cÃ¡u ká»‰nh,,,,,,,,,,,,,
"kÃ©m khÃ¡c yáº¿u camera focus khÃ´ng chÃ­nh xÃ¡c. pin yáº¿u kÃ©m.,",,,,,,,,,,,,,
"nhÃ³m mÃ u: desert dung lÆ°á»£ng lÆ°u trá»¯: 256gb bá»™ xá»­ lÃ½ máº¡nh máº½ vÃ  nhanh chÃ³ng, nhiá»u tÃ¹y chá»n mÃ u sáº¯c, tuá»•i thá» pin lÃ¢u dÃ i, giao hÃ ng nhanh chÃ³ng vÃ  hiá»‡u quáº£, giao hÃ ng nhanh chÃ³ng vÃ  hiá»‡u quáº£, tuá»•i thá» pin lÃ¢u dÃ i,",,,,,,,,,,,,,
dung lÆ°á»£ng Ã­t,,,,,,,,,,,,,
"linh kiá»‡n kÃ©m thiáº¿u tÃ­nh nÄƒng há»‡ thá»‘ng lag, camera sau má». quáº£ng cÃ¡o cÃ³ chá»‘ng nÆ°á»›c nhÆ°ng thá»±c táº¿ chá»‰ chá»‘ng báº¯n nÆ°á»›c nháº¹, há»‡ thá»‘ng hay bá»‹ treo, camera sau chá»¥p Ä‘Ãªm quÃ¡ tá»‡.",,,,,,,,,,,,,
Ä‘Ãºng vá»›i mÃ´ táº£: khÃ´ng cháº¥t lÆ°á»£ng sáº£n pháº©m: tá»‡ mÃ¡y 32g,,,,,,,,,,,,,
cá»­a hÃ ng gá»­i mÃ¡y ná»©t mÃ n hÃ¬nh khÃ´ng báº¯t Ä‘Æ°á»£c wifi,,,,,,,,,,,,,
sáº£n pháº©m khÃ´ng káº¿t ná»‘i internet Ä‘Æ°á»£c,,,,,,,,,,,,,
cháº¥t lÆ°á»£ng sáº£n pháº©m: camera trÆ°á»›c cháº¥t lÆ°á»£ng kÃ©m. Ä‘Ãºng vá»›i mÃ´ táº£: pin sá»­ dá»¥ng khÃ´ng Ä‘Æ°á»£c nhÆ° quáº£ng cÃ¡o. tÃ­nh nÄƒng ná»•i báº­t: hiá»‡u nÄƒng chá»‰ á»Ÿ má»©c táº¡m Ä‘Æ°á»£c. review: camera selfie cho cÃ³. pin khÃ´ng nhÆ° ká»³ vá»ng. hiá»‡u nÄƒng bÃ¬nh thÆ°á»ng. gá»i Ä‘iá»‡n cho chÄƒm sÃ³c khÃ¡ch hÃ ng thÃ¬ thÃ¡i Ä‘á»™ ráº¥t tá»‡,,,,,,,,,,,,,
tÃ­nh nÄƒng ná»•i báº­t: mÆ°á»£t mÃ  Ä‘áº¹p Ä‘Ãºng vá»›i mÃ´ táº£: popo 53s Ä‘Ãºng cháº¥t lÆ°á»£ng sáº£n pháº©m: tuyá»‡t voi Ä‘Ã£ mua cá»§a cá»­a hÃ ng láº§n 2 cÃ³ nhu cáº§u sáº½ mua á»§ng há»™ cá»­a hÃ ng nhiá»u Ä‘á»£t,,,,,,,,,,,,,
"cháº¥t lÆ°á»£ng sáº£n pháº©m: app camera bá»‹ Ä‘Æ¡. Ä‘Ãºng vá»›i mÃ´ táº£: pháº§n má»m lá»—i. tÃ­nh nÄƒng ná»•i báº­t: nhiá»u app rÃ¡c. review: má»Ÿ camera bá»‹ treo, mÃ¡y Ä‘áº§y app vÃ´ dá»¥ng, pin tá»¥t khÃ´ng phanh",,,,,,,,,,,,,
"cháº¥t lÆ°á»£ng sáº£n pháº©m: nhÆ° hÃ ng fake Ä‘Ãºng vá»›i mÃ´ táº£: bá»‹p bá»£m tÃ­nh nÄƒng ná»•i báº­t: loa ngoÃ i rÃ¨ xÃ¬ mÃ¡y kÃªu rÃ¨ khi nghe gá»i, nhÃ¢n viÃªn tÆ° váº¥n thÃ´ lá»—, tá»« chá»‘i Ä‘á»•i tráº£",,,,,,,,,,,,,
"má»›i sá»­ dá»¥ng hai ngÃ y mÃ  Ä‘Ã£ cáº£m tháº¥y hÆ¡i Ä‘Æ¡ mÃ¡y rá»“i , bÃ n phÃ­m khÃ³ báº¥m , mÃ¬nh tráº» khÃ³ thao tÃ¡c thÃ¬ ngÆ°á»i lá»›n cÃ ng khÃ³  ğŸ™ƒcáº£m á»©ng cháº­m",,,,,,,,,,,,,
Ä‘iá»‡n thoáº¡i cáº§m nháº¹ sÄƒn sale cÃ²n 3tr7 tá»‘t nha Ä‘Ã³ng gÃ³i cháº¯c cháº¯n cÃ²n Ä‘Æ°á»£c táº·ng Ä‘á»“ng há»“,,,,,,,,,,,,,
"nhÃ³m mÃ u: desert dung lÆ°á»£ng lÆ°u trá»¯: 256gb mÃ n hÃ¬nh lá»›n vá»›i hiá»ƒn thá»‹ sá»‘ng Ä‘á»™ng, xÃ¢y dá»±ng cháº¥t lÆ°á»£ng cao,",,,,,,,,,,,,,
"nhÃ¬n mÃ¡y bá» ngoÃ i ráº¥t Ä‘áº¹p, hoÃ n thiá»‡n bÃ³ng báº©y, mÃ¡y cáº§m cháº¯c tay. sÆ¡ qua thÃ¬ cÃ³ váº» pin hÆ¡i yáº¿u, tháº¥y tá»¥t % pin hÆ¡i nhanh.",,,,,,,,,,,,,
nhÃ³m mÃ u: Ä‘en giao hÃ ng siÃªu nhanh. ship thÃ¢n thiá»‡n. á»§ng há»™ cá»­a hÃ ng dÃ i dÃ i áº¡. cáº£m Æ¡n,,,,,,,,,,,,,
nhÃ³m mÃ u: Ä‘en báº¡n phim tro ve kg bam Ä‘Æ°á»£c,,,,,,,,,,,,,
"nhÃ³m mÃ u: Ä‘en bá»™ xá»­ lÃ½ nhanh vÃ  hiá»‡u quáº£, cáº£m biáº¿n vÃ¢n tay tiá»‡n lá»£i, dung lÆ°á»£ng lÆ°u trá»¯ lá»›n, nháº­n Ä‘Æ°á»£c hÃ ng rá»“i ráº¥t thÃ­ch diá»‡n thoáº¡i ráº¥t lÃ  tá»‘t táº·ng cá»­a hÃ ng 5 ğŸŒŸ",,,,,,,,,,,,,
"á»•n trong táº§m giÃ¡, nhÃ¬n kiá»ƒu dÃ¡ng cÅ©ng ra gÃ¬ vÃ  nÃ y ná» pháº¿t, cá»‘c sáº¡c cÅ©ng tá»‘t",,,,,,,,,,,,,
Ä‘iá»‡n thoáº¡i sáº¡c kh vÃ´ pinğŸ™ƒ,,,,,,,,,,,,,
trong táº§m giÃ¡ 1 m Ä‘Æ°á»£c mÃ¡y nÃ y cho phá»¥ huynh sá»­ dá»¥ng xem cÃ¡c tÃ¡c vá»¥ hÃ ng ngÃ y thÃ¬ oke á»•n cÃ²n Ä‘á»ƒ mÃ  sá»­ dá»¥ng chÆ¡i game cÃ¡c thá»© tÃ¡c vá»¥ náº·ng thÃ¬ thÃ´i nhÃ© mÃ¡y bÃ¡o ram 6-128rom vá» ram 8-256 check cÃ¡c kiá»ƒu thÃ¬ Ä‘Æ°á»£c biáº¿t lÃ  Ä‘Ã£ Ä‘Æ°á»£c kick ram vÃ  fake rom rá»“i. tÃ³m láº¡i táº§m giÃ¡ nÃ y khÃ´ng quÃ¡ Ä‘Ã²i há»i Ä‘Ã¡ng tráº£i nghiá»‡m vÃ  sá»­ dá»¥ng tÃ¡c vá»¥ hÃ ng ngÃ y á»•n.,,,,,,,,,,,,,
"nhÃ³m mÃ u: xanh phÃ¢n loáº¡i sáº£n pháº©m: 8/128gb mÃ¡y xá»‹n, mÃ n sÃ¡ng, khÃ´ng cÃ³ lá»—i váº·t, vá»c cáº£ ngÃ y chÆ°a xong háº¿t tÃ­nh nÄƒng",,,,,,,,,,,,,
"nÃºt nguá»“n há»ng khÃ´ng nhÆ° quáº£ng cÃ¡o camera bá»‹ má»,",,,,,,,,,,,,,
cháº¥t lÆ°á»£ng sáº£n pháº©m: cáº£m biáº¿n Ã¡nh sÃ¡ng lá»—i Ä‘Ãºng vá»›i mÃ´ táº£: tá»± Ä‘á»™ng Ä‘iá»u chá»‰nh Ä‘á»™ sÃ¡ng sai tÃ­nh nÄƒng ná»•i báº­t: mÃ n hÃ¬nh tá»‘i quÃ¡ má»©c review: khÃ³ nhÃ¬n trong Ä‘iá»u kiá»‡n Ã¡nh sÃ¡ng yáº¿u,,,,,,,,,,,,,
cháº¥t lÆ°á»£ng sáº£n pháº©m: tá»‘t Ä‘Ãºng vá»›i mÃ´ táº£: tá»‘t Ä‘Ã£ nhÃ¢n hÃ ng vÃ  sá»± dá»¥ng Ä‘Æ°á»£c máº¥y hÃ´m Ä‘iá»‡n thoáº¡i nhÃ¬n má»›i láº¯m giá»‘ng nhÆ° quÃ£ng cÃ¡o cháº¡y mÆ°á»£t.mong lÃ  sÃ i bá»nh .cho cá»­a hÃ ng 5sao,,,,,,,,,,,,,
"Ä‘Ãºng vá»›i mÃ´ táº£: Ä‘Ãºng tÃ­nh nÄƒng ná»•i báº­t: nhÆ° trong mÃ´ táº£ cháº¥t lÆ°á»£ng sáº£n pháº©m: tá»‘t mÃ¡y vÃ  mÃ n hÃ¬nh zin tá»‘t, cÃ³ kÃ¨m theo cáº£ dÃ¢y sáº¡c vÃ  cá»§ sáº¡c. dá»‹ch vá»¥ ngÆ°á»i bÃ¡n tá»‘t. mÃ¡y khÃ¡ phÃ¹ há»£p vá»›i ngÆ°á»i cÃ³ thu nháº­p trung bÃ¬nh-tháº¥p. mÃ¡y nÃ y lÃ  báº£n nháº­t, khÃ´ng pháº£i quá»‘c táº¿.",,,,,,,,,,,,,
cháº¥t lÆ°á»£ng sáº£n pháº©m: tá»‘t Ä‘Ãºng vá»›i mÃ´ táº£: Ä‘Ãºng mÃ¡y cÃ²n ngon. cÃ³ sáºµn tiáº¿ng viá»‡t. ngoáº¡i hÃ¬nh cÃ²n Ä‘áº¹p dÃ¹ lÃ  mÃ¡y cÅ©,,,,,,,,,,,,,
cá»­a hÃ ng uy tiÌn lÄƒÌm nha ngoaÌ£i hiÌ€nh maÌy Ä‘eÌ£p mÆ¡Ìi 99% sau mÃ´Ì£t tuÃ¢Ì€n traÌ‰i nghiÃªÌ£m khÃ´ng coÌ vÃ¢Ìn Ä‘ÃªÌ€ giÌ€ maÌy chaÌ£y mÆ°Æ¡Ì£t nhanh  seÌƒ uÌ‰ng hÃ´Ì£ cá»­a hÃ ng nÃªÌu coÌ thÃªÌ‰,,,,,,,,,,,,,
"cháº¥t lÆ°á»£ng sáº£n pháº©m: pháº§n má»m cÃ i sáºµn app rÃ¡c, pop-up quáº£ng cÃ¡o. Ä‘Ãºng vá»›i mÃ´ táº£: rom sáº¡ch lÃ  1 lá»i há»©a. tÃ­nh nÄƒng ná»•i báº­t: app ná»n ngá»‘n pin. review: pháº£i xÃ³a app rÃ¡c thá»§ cÃ´ng, quáº£ng cÃ¡o báº­t liÃªn tá»¥c, mÃ¡y lag nháº¹, chÄƒm sÃ³c khÃ¡ch hÃ ng chá»‰ gá»£i Ã½ reset rá»“i thÃ´i",,,,,,,,,,,,,
"Ä‘Ã³ng gÃ³i ko cÃ³ chá»‘ng sá»‘c, chá»‰ bá»c qua loa. ship máº¥t gáº§n 2 tuáº§n má»›i tá»›i nÆ¡i. hiá»‡u nÄƒng kÃ©m, ko chÆ¡i Ä‘c game náº·ng. cskh ko nghe Ä‘iá»‡n thoáº¡i.",,,,,,,,,,,,,
"máº·t lÆ°ng dá»… bÃ¡m vÃ¢n tay pin thá»±c táº¿ chá»‰ 3000mah khÃ´ng pháº£i 5000mah camera selfie xáº¥u, lÃ m má»‹n da quÃ¡ Ä‘Ã ",,,,,,,,,,,,,
"nhÃ³m mÃ u: xanh cháº¥t lÆ°á»£ng camera tuyá»‡t vá»i Ä‘á»ƒ ghi láº¡i nhá»¯ng khoáº£nh kháº¯c, dung lÆ°á»£ng lÆ°u trá»¯ rá»™ng rÃ£i 128gb, cháº¥t lÆ°á»£ng camera tuyá»‡t vá»i Ä‘á»ƒ ghi láº¡i nhá»¯ng khoáº£nh kháº¯c,",,,,,,,,,,,,,
"cháº¥t lÆ°á»£ng sáº£n pháº©m: tá»‘t tÃ­nh nÄƒng ná»•i báº­t: tá»‘t Ä‘Ãºng vá»›i mÃ´ táº£: Ä‘Ãºng nghe rÃµ to, mÃ¡y lÆ°á»›t nhanh, mÃ¡y ráº» so vá»›i giÃ¡, mua cho ba máº¹ sá»­ dá»¥ng tá»‘t la",,,,,,,,,,,,,
"cháº¥t lÆ°á»£ng sáº£n pháº©m: hiá»‡u nÄƒng chÆ¡i game tá»‡, tá»¥t fps liÃªn tá»¥c. Ä‘Ãºng vá»›i mÃ´ táº£: pin sá»­ dá»¥ng liÃªn tá»¥c chÆ°a ná»•i 4 tiáº¿ng. tÃ­nh nÄƒng ná»•i báº­t: camera quay video thu Ã¢m ráº¥t nhá». review: chÆ¡i game mÃ  cá»© giáº­t lag thÃ¬ chÆ¡i lÃ m gÃ¬. pin yáº¿u sinh lÃ½. quay video tiáº¿ng bÃ© tÃ­. chÄƒm sÃ³c khÃ¡ch hÃ ng thÃ¬ Ä‘á»• lá»—i cho khÃ¡ch hÃ ng",,,,,,,,,,,,,
"cháº¥t lÆ°á»£ng sáº£n pháº©m: pin chai nhanh sau vÃ i thÃ¡ng sá»­ dá»¥ng Ä‘Ãºng vá»›i mÃ´ táº£: hiá»‡u nÄƒng ngÃ y cÃ ng cháº­m tÃ­nh nÄƒng ná»•i báº­t: camera chá»¥p áº£nh bá»‹ Ã¡m mÃ u, sai thá»±c táº¿ review: pin giá» sá»­ dá»¥ng khÃ´ng ná»•i ná»­a ngÃ y mÃ¡y cÃ ng ngÃ y cÃ ng lag camera thÃ¬ chá»¥p áº£nh mÃ u sáº¯c sai bÃ©t cá»­a hÃ ng giao hÃ ng thiáº¿u phá»¥ kiá»‡n",,,,,,,,,,,,,
"pháº§n má»m nhiá»u lá»—i Ä‘Ãºng máº«u giao diá»‡n khÃ³ sá»­ dá»¥ng. há»‡ Ä‘iá»u hÃ nh nhiá»u lá»—i váº·t, hay bá»‹ xung Ä‘á»™t app. sá»­ dá»¥ng ráº¥t khÃ³ chá»‹u.",,,,,,,,,,,,,
sáº£n pháº©m táº¡m á»•n vá»›i má»©c giÃ¡,,,,,,,,,,,,,
"quÃ¡ tháº¥t vá»ng vá»›i con mÃ¡y. sÃ³ng Ä‘iá»‡n thoáº¡i ráº¥t kÃ©m, 4g cÅ©ng váº­y, báº¯t wifi cÅ©ng chÃ¡n khÃ´ng tÆ°á»Ÿng.pin háº¿t nhanh nhÆ° tá»¥t quáº§n. náº¿u cÃ³ 0  thÃ¬ tÃ´i sáº» Ä‘Ã¡nh giÃ¡ 0 sao",,,,,,,,,,,,,
ac mua cÅ©ng cÃ¢n nháº¯c nhÃ©.trong 15 ngÃ y thÃ¬ Ä‘á»•i tráº£ hoÃ n tiá»n.nhÆ°ng cÃ²n báº£o hÃ nh 12 thÃ¡ng thÃ¬ pháº£i tá»± gá»­i tá»± chá»‹u phÃ­ Ä‘Ã³ nha.loa thÃ¬ rÃ¨ gá»­i tin nháº¯n khÃ´ng Ä‘Æ°á»£c,,,,,,,,,,,,,
"hiá»‡n táº¡i sá»­ dá»¥ng khÃ¡ tá»‘t, mÃ¡y hÆ¡i xÆ°á»›c xÃ­u thÃ´i nhÆ°ng so vá»›i táº§m giÃ¡ lÃ  tá»‘t rá»“i Ä‘Æ°Æ¡ng nhiÃªn khÃ´ng Ä‘Æ°á»£c mÆ°á»£t mÃ  xá»‹n xÃ² nhÆ° nhá»¯ng mÃ¡y Ä‘áº¯t tiá»n rá»“i, Ä‘ang sá»­ dá»¥ng 12prm mÃ  báº¥m con nÃ y tháº¥y hÆ¡i ngÆ°á»£ng tÃ½ thÃ´i nhÆ°ng khÃ¡ mÆ°á»£t nha má»i ngÆ°á»i",,,,,,,,,,,,,
"variation3: mÃ u Ä‘en variation1: samsung j8 -3/32g not what i ordered, i ordered samsung a51 and i was give samsung j8",,,,,,,,,,,,,
Ä‘iá»‡n thoáº¡i tráº§y xÆ°á»›c kÃ©m cháº¥t lÆ°á»£ng,,,,,,,,,,,,,
sau hÆ¡n 1 tuáº§n sá»­a dá»¥ng tháº¥y pin tá»‘t Ä‘iá»‡n thoáº¡i há»£p giÃ¡ tiá»n. cáº£m Æ¡n cá»­a hÃ ng,,,,,,,,,,,,,
giao hÃ ng khÃ´ng Ä‘Ãºng  mÃ¡y.lÃ m Äƒn gian dá»‘i.,,,,,,,,,,,,,
"giao hÃ ng cháº­m khÃ´ng thÃ´ng bÃ¡o, Ä‘Ã³ng gÃ³i dÃ¹ng tÃºi nhá»±a má»ng. camera phÃ³ng to sá»‘ kÃ©m cháº¥t lÆ°á»£ng, pin khÃ´ng Ä‘áº¡t chuáº©n quáº£ng cÃ¡o.",,,,,,,,,,,,,
"Ä‘iá»‡n thoáº¡i quÃ¡ Ä‘áº¹p, Ä‘Ãºng lÃ  má»ng nháº¥t tháº¿ giá»›i luÃ´n. mÃ n hÃ¬nh vÃ  camera lÃ  2 thá»© mÃ¬nh quan tÃ¢m nháº¥t nhÆ°ng chá»‰ á»Ÿ má»©c á»•n thÃ´i, phÃ¹ há»£p vá»›i giÃ¡ tiá»n, lÃ m mÃ¡y phá»¥ ráº¥t á»•n.",,,,,,,,,,,,,
"hÃ ng dá»±ng, linh kiá»‡n, mÃ n hÃ¬nh kÃ©m cháº¥t lÆ°á»£ng, sá»­ dá»¥ng liÃªn tá»¥c vÃ i phÃºt lÃ  Ä‘en mÃ n hÃ¬nh luÃ´n. quÃ¡ chÃ¡n.",,,,,,,,,,,,,
"máº¥y bá»‹ xÆ°á»›c nhiá»u, bá»‹ bÆ°ng náº¯p sau máº§u vá»›i mÃ¡y khÃ´ng giá»‘ng trong áº£nh quáº£ng cÃ¡o, gá»i chá»§ cá»­a hÃ ng khÃ´ng Ä‘Æ°á»£c",,,,,,,,,,,,,
"nhÃ³m mÃ u: Ä‘en hiá»‡u suáº¥t nhanh chÃ³ng vÃ  hiá»‡u quáº£, cháº¥t lÆ°á»£ng mÃ¡y áº£nh tuyá»‡t vá»i Ä‘á»ƒ chá»¥p láº¡i khoáº£nh kháº¯c, thiáº¿t káº¿ mÆ°á»£t mÃ  vÃ  phong cÃ¡ch,",,,,,,,,,,,,,
"cháº¥t lÆ°á»£ng sáº£n pháº©m: pin bÃ¡o áº£o, tá»¥t Ä‘á»™t ngá»™t. Ä‘Ãºng vá»›i mÃ´ táº£: quáº£n lÃ½ pin kÃ©m. tÃ­nh nÄƒng ná»•i báº­t: khÃ´ng á»•n Ä‘á»‹nh. review: 30% bá»—ng xuá»‘ng 5% rá»“i táº¯t, máº¥t file Ä‘ang lÃ m, chÄƒm sÃ³c khÃ¡ch hÃ ng háº¹n nhiá»u láº§n",,,,,,,,,,,,,
"nhÃ³m mÃ u: mÃ u ngáº«u nhiÃªn sáº£n pháº©m: cÃ¡p sáº¡c giao hÃ ng nhÆ° quáº£ng cÃ¡o , cáº£m Æ¡n cá»­a hÃ ng",,,,,,,,,,,,,
"mÃ n cÃ³ váº¿t báº£o Ä‘áº£m 'khÃ´ng lá»—i' Ä‘iá»ƒm cháº¿t, xem phim khÃ³ chá»‹u,",,,,,,,,,,,,,
"cháº¥t lÆ°á»£ng sáº£n pháº©m: camera sau chá»¥p má», khÃ´ng láº¥y nÃ©t Ä‘Æ°á»£c. Ä‘Ãºng vá»›i mÃ´ táº£: mÃ´ táº£ mÃ¡y cháº¡y mÆ°á»£t mÃ  nhÆ°ng thá»±c táº¿ thÃ¬ ngÆ°á»£c láº¡i. tÃ­nh nÄƒng ná»•i báº­t: pin yáº¿u, khÃ´ng trá»¥ ná»•i 1 ngÃ y. review: camera nhÆ° Ä‘á»“ chÆ¡i, chá»¥p cÃ¡i gÃ¬ cÅ©ng má» tá»‹t. mÃ¡y thÃ¬ lag kinh khá»§ng, khÃ´ng nhÆ° cá»­a hÃ ng nÃ³i. Ä‘Ã³ng gÃ³i thÃ¬ siÃªu cáº©u tháº£, há»™p mÃ³p háº¿t cáº£",,,,,,,,,,,,,
"tá»‡ háº¡i sai sá»± tháº­t lag, pin kÃ©m. mÃ¡y sá»­ dá»¥ng ráº¥t bá»±c mÃ¬nh, lag giáº­t liÃªn tá»¥c. pin thÃ¬ yáº¿u xÃ¬u. gá»i lÃªn tá»•ng Ä‘Ã i há»— trá»£ thÃ¬ khÃ´ng ai nghe mÃ¡y.",,,,,,,,,,,,,
"nhÃ³m mÃ u: Ä‘en dung lÆ°á»£ng lÆ°u trá»¯ rá»™ng rÃ£i 128gb, mÃ n hÃ¬nh sá»‘ng Ä‘á»™ng vá»›i Ä‘á»™ phÃ¢n giáº£i full hd+, cháº¥t lÆ°á»£ng mÃ¡y áº£nh tuyá»‡t vá»i Ä‘á»ƒ chá»¥p láº¡i khoáº£nh kháº¯c,",,,,,,,,,,,,,
"Ä‘á»™ sÃ¡ng mÃ n hÃ¬nh kÃ©m khÃ´ng nhÆ° cam káº¿t khÃ´ng nháº­n sim,",,,,,,,,,,,,,
"nhÃ³m mÃ u: Ä‘en tráº£i nghiá»‡m ngÆ°á»i sá»­ dá»¥ng mÆ°á»£t mÃ  vÃ  liá»n máº¡ch, bá»™ vi xá»­ lÃ½ helio g85 máº¡nh máº½, bá»™ vi xá»­ lÃ½ helio g85 máº¡nh máº½, bá»™ vi xá»­ lÃ½ helio g85 máº¡nh máº½, thá»i lÆ°á»£ng pin lÃ¢u dÃ i,",,,,,,,,,,,,,
"cháº¥t lÆ°á»£ng sáº£n pháº©m: loa ngoÃ i bá»‹ rÃ¨, chÄƒm sÃ³c khÃ¡ch hÃ ng Ä‘á»• lá»—i cho ngÆ°á»i sá»­ dá»¥ng. Ä‘Ãºng vá»›i mÃ´ táº£: khÃ´ng. tÃ­nh nÄƒng ná»•i báº­t: khÃ´ng. review: má»Ÿ nháº¡c hay video chá»‰ hÆ¡n 50% Ã¢m lÆ°á»£ng lÃ  loa rÃ¨ kinh khá»§ng, bÃ¡o cá»­a hÃ ng thÃ¬ cá»­a hÃ ng báº£o do mÃ¬nh má»Ÿ to quÃ¡, chÄƒm sÃ³c khÃ¡ch hÃ ng quÃ¡ thiáº¿u trÃ¡ch nhiá»‡m",,,,,,,,,,,,,
"ngoáº¡i hÃ¬nh kÃ©m, sÆ¡n bong 'premium' nhÆ°ng dá»m camera & pin Ä‘á»u yáº¿u,",,,,,,,,,,,,,
"nhÃ³m mÃ u: Ä‘en trong khi tÃ´i Ä‘áº·t galaxy s20 5g 2 sim mau báº£n má»¹ nhÆ° cá»­a hÃ ng Ä‘Äƒng. nhÆ°ng láº¡i nháº­n s20 5g 1 sim mÃ u há»“ng-hÃ n vá»›i lÃ½ do nhÃ¢n viÃªn gÃ³i lá»™n. xin Ä‘á»•i láº¡i báº£n má»¹ nhÆ° Ä‘Ã£ Ä‘áº·t thÃ¬ cá»­a hÃ ng láº¥y lÃ½ do háº¿t hÃ ng. xong há»i cÃ³ muá»‘n Ä‘á»•i lÃªn s20plus khÃ´ng, bÃ¹ thÃªm 1tr7. trong khi Ä‘Ã³ lá»—i cá»§a cá»­a hÃ ng nÃªn tÃ´i há»i cÃ³ há»— trá»£ ná»­a giÃ¡ khÃ´ng. nhÆ°ng cá»­a hÃ ng khÃ´ng Ä‘á»“ng Ã½ giáº£m. cÃ²n báº¯t tÃ´i gá»­i láº¡i hÃ ng theo Ä‘á»‹a chá»‰. má»i ngÆ°á»i mua hÃ ng cá»­a hÃ ng nÃ y nhá»› há»i cho ká»¹ lÆ°á»¡ng vÃ o. khÃ´ng lÃ  láº¡i cÃ³ tráº£i nghiá»‡m khÃ´ng hay.",,,,,,,,,,,,,
cháº¥t lÆ°á»£ng sáº£n pháº©m: chÆ°a biáº¿t tÃ­nh nÄƒng ná»•i báº­t: thiáº¿t káº¿ Ä‘áº¹p Ä‘Ãºng vá»›i mÃ´ táº£: tá»‘t giao hÃ ng nhanh.mÃ¡y Ä‘áº¹p Ä‘á»§ phá»¥ kiá»‡n Ä‘i kÃ¨m.cho cá»­a hÃ ng 5â˜†,,,,,,,,,,,,,
"nhÃ³m mÃ u: desert dung lÆ°á»£ng lÆ°u trá»¯: 256gb bá»™ xá»­ lÃ½ máº¡nh máº½ vÃ  nhanh chÃ³ng, thiáº¿t káº¿ mÆ°á»£t mÃ  vÃ  phong cÃ¡ch, tuá»•i thá» pin lÃ¢u dÃ i,",,,,,,,,,,,,,
"Ä‘iá»‡n thoáº¡i sá»­ dá»¥ng tá»‘t, mÃ n hÃ¬nh giá»t nÆ°á»›c.",,,,,,,,,,,,,
"Ä‘Ãºng vá»›i mÃ´ táº£: tá»‘t tÃ­nh nÄƒng ná»•i báº­t: tá»‘t cháº¥t lÆ°á»£ng sáº£n pháº©m: tá»‘t tin tÆ°á»Ÿng há»‡ thá»‘ng shopdunk, mua online 2 sáº£n pháº©m ch gáº·p lá»—i gÃ¬",,,,,,,,,,,,,
"cháº¥t lÆ°á»£ng sáº£n pháº©m: hiá»‡u nÄƒng yáº¿u, lag nhiá»u. Ä‘Ãºng vá»›i mÃ´ táº£: chip yáº¿u hÆ¡n quáº£ng cÃ¡o. tÃ­nh nÄƒng ná»•i báº­t: pin sá»¥t nhanh. review: mÃ¡y cháº¡y cháº­m, má»Ÿ app náº·ng lÃ  lag. pin háº¿t nhanh dÃ¹ sá»­ dá»¥ng Ã­t. Ä‘Ã³ng gÃ³i lá»ng láº»o, ship trá»…. chÄƒm sÃ³c khÃ¡ch hÃ ng khÃ´ng giáº£i quyáº¿t",,,,,,,,,,,,,
"Ä‘iá»‡n thoáº¡i sá»­ dá»¥ng tá»‘t,ngon bá»• ráº», mÃ¡y cháº¡y mÆ°á»£t mÃ ,pin trÃ¢u sáº¡c nhanh 33w tá»‘t nghe cá»­a hÃ ng, mÃ¬nh mua má»™t cÃ¡i ná»¯a cho em gÃ¡i mÃ¬nh,cá»­a hÃ ng uy tÃ­n láº¯m nhe, cáº£ nhÃ  mua á»§ng há»™ cá»­a hÃ ng nghe cáº£ nhÃ  Æ¡i!",,,,,,,,,,,,,
"nhÃ³m mÃ u: Ä‘en báº£o hÃ nh 12 thÃ¡ng Ä‘Ã¡ng tin cáº­y, dung lÆ°á»£ng lÆ°u trá»¯ rá»™ng rÃ£i 128gb, khe cáº¯m sim kÃ©p tiá»‡n lá»£i, thiáº¿t káº¿ mÆ°á»£t mÃ  vÃ  phong cÃ¡ch,",,,,,,,,,,,,,
"nhÃ³m mÃ u: xanh hiá»‡u suáº¥t nhanh chÃ³ng vÃ  hiá»‡u quáº£, thiáº¿t káº¿ mÆ°á»£t mÃ  vÃ  phong cÃ¡ch, hiá»‡u suáº¥t nhanh chÃ³ng vÃ  hiá»‡u quáº£, tráº£i nghiá»‡m ngÆ°á»i sá»­ dá»¥ng mÆ°á»£t mÃ  vÃ  liá»n máº¡ch, tráº£i nghiá»‡m ngÆ°á»i sá»­ dá»¥ng mÆ°á»£t mÃ  vÃ  liá»n máº¡ch,",,,,,,,,,,,,,
"Ä‘Ãºng vá»›i mÃ´ táº£: Ä‘Ãºng tÃ­nh nÄƒng ná»•i báº­t: chÆ¡i game cháº¥t lÆ°á»£ng sáº£n pháº©m: tá»‘t giao hÃ ng nhanh, Ä‘iá»‡n thoáº¡i cÅ©ng tá»‘t , sá»­ dá»¥ng Ä‘á»ƒ chÆ¡i game thÃ¬ tá»‘t rá»“i",,,,,,,,,,,,,
"cháº¥t lÆ°á»£ng sáº£n pháº©m: giao hÃ ng sai mÃ u, chÃ­nh sÃ¡ch Ä‘á»•i tráº£ rÆ°á»m rÃ . Ä‘Ãºng vá»›i mÃ´ táº£: khÃ´ng. tÃ­nh nÄƒng ná»•i báº­t: khÃ´ng cÃ³. review: mÃ¬nh Ä‘áº·t mÃ u xanh cá»­a hÃ ng giao mÃ u Ä‘en. liÃªn há»‡ Ä‘á»•i hÃ ng thÃ¬ cá»­a hÃ ng yÃªu cáº§u Ä‘iá»n Ä‘á»§ loáº¡i form, thá»§ tá»¥c ráº¥t láº±ng nháº±ng vÃ  máº¥t thá»i gian",,,,,,,,,,,,,
"nhá»±a ráº» tiá»n sai thÃ´ng sá»‘ mic kÃ©m, loa nhá» mua vá» sá»­ dá»¥ng Ä‘Æ°á»£c 1 tuáº§n Ä‘Ã£ há»ng mÃ n hÃ¬nh. báº£o hÃ nh thÃ¬ báº¯t Ä‘á»£i cáº£ thÃ¡ng khÃ´ng cÃ³ mÃ¡y sá»­ dá»¥ng",,,,,,,,,,,,,
"cháº¥t lÆ°á»£ng sáº£n pháº©m: Ä‘Ã³ng gÃ³i cáº©u tháº£, camera sau bá»‹ xÆ°á»›c. Ä‘Ãºng vá»›i mÃ´ táº£: khÃ´ng. tÃ­nh nÄƒng ná»•i báº­t: khÃ´ng. review: cá»­a hÃ ng chá»‰ bá»c mÃ¡y trong má»™t cÃ¡i tÃºi rá»“i giao Ä‘i, khÃ´ng cÃ³ há»™p hay chá»‘ng sá»‘c. káº¿t quáº£ lÃ  máº·t kÃ­nh camera sau bá»‹ xÆ°á»›c má»™t Ä‘Æ°á»ng",,,,,,,,,,,,,
"cháº¥t lÆ°á»£ng sáº£n pháº©m: quÃ¡ kÃ©m. Ä‘Ãºng vá»›i mÃ´ táº£: sai sá»± tháº­t. tÃ­nh nÄƒng ná»•i báº­t: nÃ³ng ran. review: mÃ¡y sá»­ dá»¥ng cá»±c lag, lÆ°á»›t web thÃ´i Ä‘Ã£ nÃ³ng ran pin tá»¥t khÃ´ng phanh, 15p máº¥t 10% chÄƒm sÃ³c khÃ¡ch hÃ ng tá»‡, gá»i Ä‘iá»‡n thÃ¬ thuÃª bao",,,,,,,,,,,,,
"mÃ¡y nhanh háº¿t pin, nhanh nÃ³ng mÃ¡y khÃ´ng á»•n láº¯m",,,,,,,,,,,,,
